"nodeId","id","firstName","lastName","email","carMake","carModel","vinNumber","manufacturedDate","ageOfVehicle"
"WyJ2ZWhpY2xlcyIsIjAxMzE0ZmY0LWMzMmItNGY5Yy04YTg2LWEyOWZmNTM2NzYwYyJd","01314ff4-c32b-4f9c-8a86-a29ff536760c","Elisha","Crawley","Karlovy Vary","Subaru","Legacy","1FTEW1C80FK361573","1981-11-02T00:00:00","39.44013429096905"
"WyJ2ZWhpY2xlcyIsIjAxZmYwODdlLWM3M2QtNDM5Ny1iNWVhLTY2YTVhYzU1OTE0MiJd","01ff087e-c73d-4397-b5ea-66a5ac559142","Tabbi","Reuss","Konyshevka","Mercedes-Benz","E-Class","1ZVBP8JS5C5635805","1982-08-20T00:00:00","38.642874080416036"
"WyJ2ZWhpY2xlcyIsIjAyOGY2OTRjLTMwNGUtNDNhMi1iYWFhLTZjNGRhNjMwMWNlYSJd","028f694c-304e-43a2-baaa-6c4da6301cea","Tucker","Dondon","Trollhättan","Toyota","Tacoma","1C6RD6HT1CS541362","1982-02-20T00:00:00","39.226087075088785"
"WyJ2ZWhpY2xlcyIsIjAzMDc3M2Y1LWZiMTAtNDA5YS1iODA2LTdlYmM1NWI5MWQ5ZiJd","030773f5-fb10-409a-b806-7ebc55b91d9f","Maye","Weedall","Nelson","Subaru","Impreza","JTDJTUD39ED741836","1983-02-05T00:00:00","38.26718261669203"
"WyJ2ZWhpY2xlcyIsIjAzYWJiOTc0LWRmYTMtNGI2MC04YmVlLWI1NzI2OTk3MWUyMSJd","03abb974-dfa3-4b60-8bee-b57269971e21","Derwin","Calbaithe","Koumac","Subaru","Outback","WAUML44D42N483492","1982-01-13T00:00:00","39.33019637874175"
"WyJ2ZWhpY2xlcyIsIjAzYWMyZDg5LTA3ZjUtNDgxOC1iMjc1LWZiNmMzMzhmZWQzOCJd","03ac2d89-07f5-4818-b275-fb6c338fed38","Davon","Goneau","Vitina","Toyota","Tacoma Xtra","1N6AF0LX3EN936505","1982-08-22T00:00:00","38.637394628361236"
"WyJ2ZWhpY2xlcyIsIjA0MDU3NzliLThlZWItNDU4NC05YjAxLTg5NmY0ODc4ZWViNSJd","0405779b-8eeb-4584-9b01-896f4878eeb5","Beilul","Claque","Łąck","Nissan","Frontier","1N6AA0ED7FN534439","1982-05-14T00:00:00","38.99868959284627"
"WyJ2ZWhpY2xlcyIsIjA2M2MzOWRjLTM3YmQtNGVmNS1hNjUxLTA3MjQ3YmFhYjdhNSJd","063c39dc-37bd-4ef5-a651-07247baab7a5","Emmi","Chetham","Monte de Fralães","Pontiac","Grand Prix Turbo","WAUAF68E25A063637","1983-02-16T00:00:00","38.23704563039067"
"WyJ2ZWhpY2xlcyIsIjA2YTBjYjFiLTIwM2EtNDhkOS05ZWM4LTEyMWU2NTM1MzJkMSJd","06a0cb1b-203a-48d9-9ec8-121e653532d1","Imelda","Quarton","Yuanda","Audi","A6","1HGCP2E34BA033430","1982-04-10T00:00:00","39.09184049974632"
"WyJ2ZWhpY2xlcyIsIjA2Y2M3ZjFkLWY2MGMtNDZkZi1iZjc2LTYzZjZjMzI5ZWM3ZiJd","06cc7f1d-f60c-46df-bf76-63f6c329ec7f","Sibella","Pascoe","Oslo","Toyota","Prius","WA1CYAFE1AD809736","1982-02-16T00:00:00","39.14972342719432"
"WyJ2ZWhpY2xlcyIsIjA3NDI5ZGM0LTU4NmYtNDEzZC04MGFiLTRlODIxMTFlNTkwOSJd","07429dc4-586f-413d-80ab-4e82111e5909","Jeannine","Jenik","Kanturk","Cadillac","Escalade ESV","KNAGM4AD0F5026862","1983-01-18T00:00:00","38.229175418569255"
"WyJ2ZWhpY2xlcyIsIjA3OGZkMWExLWU1YTgtNDhlYy1iMTQ4LTBlZTlmNzk2ZTNhNiJd","078fd1a1-e5a8-48ec-b148-0ee9f796e3a6","Amalia","Speak","Atalhada","Toyota","Sienna","WBAGN63564D331123","1981-11-08T00:00:00","39.423695998224254"
"WyJ2ZWhpY2xlcyIsIjA4MGRlM2VmLWZmMmUtNDExNS1hYjViLWFhNGE1MTI2ZTM0YSJd","080de3ef-ff2e-4115-ab5b-aa4a5126e34a","Kally","Callear","Owo","Dodge","Stratus","3GYFK66N54G592419","1982-11-13T00:00:00","38.49731982496195"
"WyJ2ZWhpY2xlcyIsIjA4ZmZiZjUwLWE1OTgtNGM2MS1hZWM1LWJkZjA1MDcyNGUwOCJd","08ffbf50-a598-4c61-aec5-bdf050724e08","Claudina","Place","Mongar","GMC","Canyon","WAUXG74F29N668302","1982-02-10T00:00:00","39.16616175164891"
"WyJ2ZWhpY2xlcyIsIjA5M2I4ZmIyLTc3ZWQtNDU4OS1hNDk0LTdkZDk1ZTUxYjMyYSJd","093b8fb2-77ed-4589-a494-7dd95e51b32a","Roddie","Oldroyd","Dayou","Toyota","MR2","JN8AZ2NC8E9911905","1982-07-21T00:00:00","38.812388476661596"
"WyJ2ZWhpY2xlcyIsIjA5OTFlOTM3LTY3YWEtNDNhZi05NTNhLTczNmYyNjgyZmI3MCJd","0991e937-67aa-43af-953a-736f2682fb70","Cathlene","Petriello","Wangzuo","Mazda","B2500","KNAFK4A62F5421421","1983-01-12T00:00:00","38.33293635844749"
"WyJ2ZWhpY2xlcyIsIjBhM2JjYWQzLTUxYjQtNDdiZi04NzI2LTUwYjU4NWU3ZjM2ZSJd","0a3bcad3-51b4-47bf-8726-50b585e7f36e","Jobina","Hubbock","Wangda","Dodge","Caliber","WAUAFAFL3AA645194","1981-11-10T00:00:00","39.50553884449518"
"WyJ2ZWhpY2xlcyIsIjBhM2JlYzAxLWIxN2MtNDNlMi04MjExLTkxZDI5NjA2OThjZCJd","0a3bec01-b17c-43e2-8211-91d2960698cd","Marvin","Augie","Pochinok","Jeep","Grand Cherokee","JH4CL959X5C242539","1983-03-10T00:00:00","38.08944945459158"
"WyJ2ZWhpY2xlcyIsIjBhOGFmNjFmLTk3MGQtNDQzYy04MDRkLTNlM2E1ZGYxN2M1NSJd","0a8af61f-970d-443c-804d-3e3a5df17c55","Nealson","Gladman","Benito Juarez","MINI","Cooper Clubman","WP1AA2AP4AL781335","1982-03-20T00:00:00","39.14937455606291"
"WyJ2ZWhpY2xlcyIsIjBjOGFjNmQ5LTJiZjctNDUyMC04ZGM1LWE3Njk0OGQ5ZDBlZSJd","0c8ac6d9-2bf7-4520-8dc5-a76948d9d0ee","Nelle","Sympson","Kilinochchi","Buick","Regal","WAUVT64B13N180167","1982-12-22T00:00:00","38.39047054160325"
"WyJ2ZWhpY2xlcyIsIjBkNDRmNGY0LTJlMTktNDdkZC1iMGM2LTJkYTU2ZGY5ZDMwOCJd","0d44f4f4-2e19-47dd-b0c6-2da56df9d308","Kally","Callear","Owo","Dodge","Stratus","3GYFK66N54G592419","1982-11-13T00:00:00","38.40999739979706"
"WyJ2ZWhpY2xlcyIsIjBkNDY1MWJmLWQ3ZDMtNDVjOC04MDIwLWI3ZmIwZDcyZjI5OCJd","0d4651bf-d7d3-45c8-8020-b7fb0d72f298","Lily","Connochie","Solina","Ford","Focus","WBALZ3C55CC766950","1982-07-30T00:00:00","38.70040826357179"
"WyJ2ZWhpY2xlcyIsIjBkNjdkMDUxLWNhM2YtNDlhYi04NzlmLWFkZTQ1NzFmMzY1YSJd","0d67d051-ca3f-49ab-879f-ade4571f365a","Leif","Tongs","Xianghu","Audi","S4","JTHKD5BH8E2193408","1982-08-17T00:00:00","38.738415556823945"
"WyJ2ZWhpY2xlcyIsIjBkYTMwZjllLTdhNzUtNDlhZS04MjczLTE0ZGI2NmQ3MmUwYyJd","0da30f9e-7a75-49ae-8273-14db66d72e0c","Georgette","Wyllcock","Góra","Isuzu","Rodeo","WBA3R5C51EF410508","1982-07-15T00:00:00","38.82882664256722"
"WyJ2ZWhpY2xlcyIsIjBkYzczZjljLTYwMzQtNDI0ZS04N2E5LTIxOGNiMjRhMmQ1YyJd","0dc73f9c-6034-424e-87a9-218cb24a2d5c","Isabeau","Shury","Karipidita","Hyundai","Elantra","3C63DPKL0CG983710","1982-04-24T00:00:00","38.966161815068496"
"WyJ2ZWhpY2xlcyIsIjBlNGE5NTZjLTEwYmItNDgzYS05N2IyLTU2ZjhhYjc0ZDY5ZSJd","0e4a956c-10bb-483a-97b2-56f8ab74d69e","Aylmer","Tregien","Thompson","Aston Martin","DBS","WAUXG94F89N899362","1982-09-30T00:00:00","38.61786777016743"
"WyJ2ZWhpY2xlcyIsIjBlOGExMmExLTViMjUtNGZjYS1iMzJiLTUwMjBiNjI5ODNlNCJd","0e8a12a1-5b25-4fca-b32b-5020b62983e4","Elsi","Scarasbrick","San Jose","Audi","TT","2C3CDZFJ7FH727747","1982-10-22T00:00:00","38.47027127727042"
"WyJ2ZWhpY2xlcyIsIjEwNTBhYTQ5LTE1NzctNGMyYS05MWJhLTU4YTY3YWJiYzJmMCJd","1050aa49-1577-4c2a-91ba-58a67abbc2f0","Dyann","Wadforth","Yongyang","Plymouth","Grand Voyager","1G6DF5EY1B0757975","1981-08-22T00:00:00","39.72471705352613"
"WyJ2ZWhpY2xlcyIsIjEwZmY0ZjA5LTgwMDQtNDFjYS05MDhkLWFlZGE1NWI4ZjYzZCJd","10ff4f09-8004-41ca-908d-aeda55b8f63d","Anthe","Tures","Sassandra","Suzuki","SJ","1GYS3AKJ6FR907135","1981-11-10T00:00:00","39.50553887620497"
"WyJ2ZWhpY2xlcyIsIjEyNzQzOGZhLTA5YjgtNGI2NC04ZThmLTliODM2Njg2MWJmYSJd","127438fa-09b8-4b64-8e8f-9b8366861bfa","Osborne","Lockhurst","Paratunka","Mercedes-Benz","S-Class","WAUWFAFL0AA171789","1981-11-30T00:00:00","39.45074457762557"
"WyJ2ZWhpY2xlcyIsIjEzZTZlMTA2LTg1NjItNGI1Zi1iNzBjLWE0NjA5YzIxMDg4YyJd","13e6e106-8562-4b5f-b70c-a4609c21088c","Garold","Heliot","Loivos","BMW","5 Series","1GD11ZCG8BF402178","1981-11-07T00:00:00","39.51375802257737"
"WyJ2ZWhpY2xlcyIsIjE1MzFmNjliLTkyODQtNGUwZS04NDJkLWJkNDg1YjBkMDc5YiJd","1531f69b-9284-4e0e-842d-bd485b0d079b","Lou","Sizzey","Skorogoszcz","Bentley","Azure T","JN1BV7AP4FM610437","1982-01-09T00:00:00","39.25383301623541"
"WyJ2ZWhpY2xlcyIsIjE1YzkzYjQ1LTc1ZGItNGZmNy1hYTcxLTgxNmYzMGJmMDQyMSJd","15c93b45-75db-4ff7-aa71-816f30bf0421","Huntlee","Boulden","Suisan","Pontiac","Firebird","5BZBF0AA8EN135834","1981-10-06T00:00:00","39.60142947742263"
"WyJ2ZWhpY2xlcyIsIjE1Zjc3NzFjLTg0MmEtNDM1Yi04MTZhLTk1MGU2ZDBjMTM5OCJd","15f7771c-842a-435b-816a-950e6d0c1398","Kelsey","Leslie","Luna","Hyundai","Elantra","5UXFE83577L852435","1982-02-17T00:00:00","39.23430609462202"
"WyJ2ZWhpY2xlcyIsIjE2MThjMTNhLWZhZWItNDk5My1iYmM2LWJlZjFhMGNjNGI0MiJd","1618c13a-faeb-4993-bbc6-bef1a0cc4b42","Bryna","Critzen","Kara Suu","Chevrolet","Tahoe","WBAVM1C51DV755171","1983-03-11T00:00:00","38.174031900050736"
"WyJ2ZWhpY2xlcyIsIjE3YzA0MDNhLTgzMTgtNGMwNy1iMGY4LTU1YjVlOWU3MmY1ZiJd","17c0403a-8318-4c07-b0f8-55b5e9e72f5f","Helyn","Beardsley","Palaihari","BMW","8 Series","WAUAH74F36N884562","1981-08-16T00:00:00","39.741155314561134"
"WyJ2ZWhpY2xlcyIsIjE4Nzc0OWI2LWVkM2QtNGI3Ny1iOGZiLWIyNWZjNDFmZDczMiJd","187749b6-ed3d-4b77-b8fb-b25fc41fd732","Averell","Webburn","Navashino","BMW","Z4","WAULC58E82A357812","1982-06-08T00:00:00","38.84287411212583"
"WyJ2ZWhpY2xlcyIsIjE4OGI0NmMzLTU0YmQtNDg3Ny1iZTJhLTk2NjczM2M0Zjk0NyJd","188b46c3-54bd-4877-be2a-966733c4f947","Mendel","Clymo","Banzhong","Infiniti","Q","WAUKF78P19A848670","1982-07-27T00:00:00","38.79595002536784"
"WyJ2ZWhpY2xlcyIsIjE4OWI3YjhhLTJmZjYtNDA1Zi1iOTVhLWZjYTg2MDkxOTczZiJd","189b7b8a-2ff6-405f-b95a-fca86091973f","Claudine","Fort","Horten","Pontiac","Bonneville","SCFFDAAM9EG752317","1982-07-07T00:00:00","38.76342208904109"
"WyJ2ZWhpY2xlcyIsIjE4YTY5MTUzLWNlOTAtNDAzYS1hMDUzLWQ5ZGRhMjFjM2M5ZiJd","18a69153-ce90-403a-a053-d9dda21c3c9f","Christiano","Bjorkan","Ban Talat Bueng","Chrysler","LHS","WAURV78T48A129930","1981-10-31T00:00:00","39.445613901572806"
"WyJ2ZWhpY2xlcyIsIjE5YzZlZmEzLWUwYWYtNGJhMS1iNDRjLTRlZmQ0OTk2YjYyYSJd","19c6efa3-e0af-4ba1-b44c-4efd4996b62a","Steven","Gleader","Shengli","Ford","E-Series","5TDBW5G17DS850617","1983-03-14T00:00:00","38.16581294393709"
"WyJ2ZWhpY2xlcyIsIjFhMDMwMDdmLTEzNmUtNGIxMC05NzVmLWY4NmU1NjEyMTliYSJd","1a03007f-136e-4b10-975f-f86e561219ba","Lissa","Crofthwaite","Blagodatnoye","Subaru","Loyale","WVWAB7AJXCW991952","1982-05-29T00:00:00","38.87027146752917"
"WyJ2ZWhpY2xlcyIsIjFkYjQxODUwLTRlYjItNGY4ZC1iOWUyLTljMzcyNDFjOGU1OSJd","1db41850-4eb2-4f8d-b9e2-9c37241c8e59","Marla","OIlier","Pondokdalem","Lincoln","Town Car","WAUGL98E68A359480","1983-01-27T00:00:00","38.204518011161845"
"WyJ2ZWhpY2xlcyIsIjIwMTBmNDM3LThhYjYtNGIzZC05YTVlLWE5ZTlmMTc3NjY3MyJd","2010f437-8ab6-4b3d-9a5e-a9e9f1776673","Tucker","Dondon","Trollhättan","Toyota","Tacoma","1C6RD6HT1CS541362","1982-02-20T00:00:00","39.138764586504315"
"WyJ2ZWhpY2xlcyIsIjIwYjBiZWNlLWQyM2QtNDA3My04MGY2LWNmMzdhNWZmYWM2YSJd","20b0bece-d23d-4073-80f6-cf37a5ffac6a","Pepillo","Ebbings","Aldeias de Cima","Suzuki","Swift","WAUVT58E65A578063","1981-10-29T00:00:00","39.4510933536276"
"WyJ2ZWhpY2xlcyIsIjIxNDA3NWY5LTUwMTEtNGZiYy05Y2ZlLTdiMmU1ZWFiMWQ2MiJd","214075f9-5011-4fbc-9cfe-7b2e5eab1d62","Melva","MacTague","Flushing","Chevrolet","Express 3500","JM1NC2JF6B0071847","1982-05-08T00:00:00","39.015127949010655"
"WyJ2ZWhpY2xlcyIsIjIxOTQ0ZGUxLTU1MzMtNDdiZi05YWZhLWI5OTRhY2MyOTljOSJd","21944de1-5533-47bf-9afa-b994acc299c9","Revkah","Stanway","Casal Velho","Daewoo","Leganza","4T1BD1FK5FU304966","1982-03-06T00:00:00","39.18773081557585"
"WyJ2ZWhpY2xlcyIsIjIyMDBiNjI1LTg4ZTUtNDUxOC05OTQ4LTk4ZDdkMmJmOGUzNyJd","2200b625-88e5-4518-9948-98d7d2bf8e37","Leila","Cawthorn","Asadābād","Bentley","Continental Flying Spur","WBANV13558B466265","1983-01-06T00:00:00","38.262052162607816"
"WyJ2ZWhpY2xlcyIsIjIyNGNlMzg5LWJjOGUtNDYzMy1hZjQyLTE3ZTAyYmEyMDU5ZCJd","224ce389-bc8e-4633-af42-17e02ba2059d","Clare","Penniall","Digne-les-Bains","Subaru","Tribeca","SCBFC7ZA0DC522754","1981-12-30T00:00:00","39.36855273338407"
"WyJ2ZWhpY2xlcyIsIjIzMGFmNDNiLTcyNGMtNDU5Mi1hYTg4LWRlNjIwZjFhMmQxYSJd","230af43b-724c-4592-aa88-de620f1a2d1a","Mignonne","Aleksashin","Panenjoan","Volkswagen","Phaeton","WBAYB6C51DD454003","1982-10-11T00:00:00","38.50040839041096"
"WyJ2ZWhpY2xlcyIsIjIzNmEzZDk5LTNkN2MtNDljZi05ZWEwLWI3YjNkZDkxMDI1NCJd","236a3d99-3d7c-49cf-9ea0-b7b3dd910254","Levin","Ferronel","Croix","Volkswagen","New Beetle","WBXPC93429W605269","1981-11-11T00:00:00","39.50279940385591"
"WyJ2ZWhpY2xlcyIsIjIzYjM5NGRhLTk5NGEtNDg2NS1hNDVkLWEyZGEzMzAxMTU5ZSJd","23b394da-994a-4865-a45d-a2da3301159e","Luce","Prydie","Presidencia Roque Sáenz Peña","Chevrolet","Tahoe","WP0AB2A80CS864893","1982-07-20T00:00:00","38.72780571410451"
"WyJ2ZWhpY2xlcyIsIjI2N2Y4NzM3LTEwODEtNDE0OC04NzAwLTdlMTRiNGE0MjA0MiJd","267f8737-1081-4148-8700-7e14b4a42042","Rey","Brislawn","Baoxing","MINI","Cooper","JH4CW2H52CC939773","1982-11-28T00:00:00","38.3689014776763"
"WyJ2ZWhpY2xlcyIsIjI2ZWI5YzI3LTNiMTYtNDA4Yi1iNjUwLWE0YjVhMWYwOWMxNiJd","26eb9c27-3b16-408b-b650-a4b5a1f09c16","Bendite","Addy","Klimovsk","Mercedes-Benz","300D","WAUJC58E62A986637","1981-12-26T00:00:00","39.29218914890918"
"WyJ2ZWhpY2xlcyIsIjI3MjQxMzdhLTUyYTQtNDVkNC05ZWZkLTU3NGY3YTA1NzgwNyJd","2724137a-52a4-45d4-9efd-574f7a057807","Shay","Jewis","Moussoro","Ford","E-Series","1FTWX3A54AE989763","1982-02-18T00:00:00","39.23156633688483"
"WyJ2ZWhpY2xlcyIsIjI5ZTJhODE3LThhNTMtNDA5OC1hY2Y1LTA2ZTgyMjQyMjRmNSJd","29e2a817-8a53-4098-acf5-06e8224224f5","Darcee","Davenhill","Gegernoong","Nissan","Maxima","JN8AZ2KR8AT575727","1983-03-07T00:00:00","38.18499102612887"
"WyJ2ZWhpY2xlcyIsIjJhOTRlZmViLTdmOTgtNGU3My1iNmI5LWMwMDAyZGI5MjhjNCJd","2a94efeb-7f98-4e73-b6b9-c0002db928c4","Roddie","Oldroyd","Dayou","Toyota","MR2","JN8AZ2NC8E9911905","1982-07-21T00:00:00","38.72506598807712"
"WyJ2ZWhpY2xlcyIsIjJhZmFhMDNhLTYwMTgtNGMzYy1hNzczLTA1ZjA4OTk5ZGFhMSJd","2afaa03a-6018-4c3c-a773-05f08999daa1","Caressa","Lutzmann","Nanmu","Dodge","Grand Caravan","WBA3C1C51DF887240","1982-08-21T00:00:00","38.640134386098424"
"WyJ2ZWhpY2xlcyIsIjJiODUzOWRhLWQzMzktNDE1OS04ZjE0LTkxMDI1Y2MwN2M1NSJd","2b8539da-d339-4159-8f14-91025cc07c55","Mignonne","Aleksashin","Panenjoan","Volkswagen","Phaeton","WBAYB6C51DD454003","1982-10-11T00:00:00","38.58773084728564"
"WyJ2ZWhpY2xlcyIsIjJiZDFkMjRhLWE3NzItNDA1OS1hYThlLTUwYjUzZjYyMDRlOSJd","2bd1d24a-a772-4059-aa8e-50b53f6204e9","Raeann","Conkey","Rajhrad","Chevrolet","Caprice Classic","WDDDJ7CB3BA912080","1982-03-08T00:00:00","39.09492887493658"
"WyJ2ZWhpY2xlcyIsIjJjMWE0NDk2LTM1YjAtNGQxOS05YjY2LWVkNGU4YzQzYmMzMyJd","2c1a4496-35b0-4d19-9b66-ed4e8c43bc33","Isabeau","Shury","Karipidita","Hyundai","Elantra","3C63DPKL0CG983710","1982-04-24T00:00:00","39.053484303652965"
"WyJ2ZWhpY2xlcyIsIjJjMjRlYThkLTk1ZDgtNDQ2NS1hMDkxLTliODM3ZGIwMzgyYyJd","2c24ea8d-95d8-4465-a091-9b837db0382c","Nyssa","Cogdon","Changting","Volvo","C70","3VW4A7AT9DM163083","1982-07-25T00:00:00","38.80142916032471"
"WyJ2ZWhpY2xlcyIsIjJjMzQwOTllLWYwNWMtNGQ5NC1iMzlkLTFhYzM4MjQyMDQzMyJd","2c34099e-f05c-4d94-b39d-1ac382420433","Malachi","Menlove","Ghār al Milḩ","Pontiac","Bonneville","5UXZV8C58BL632436","1982-08-10T00:00:00","38.670271372399796"
"WyJ2ZWhpY2xlcyIsIjJjYzkzM2RmLWZmZGQtNGY5MS1iNWNlLWE3ZDJmZjMyZTM4MCJd","2cc933df-ffdd-4f91-b5ce-a7d2ff32e380","Christiano","Bjorkan","Ban Talat Bueng","Chrysler","LHS","WAURV78T48A129930","1981-10-31T00:00:00","39.53293639015728"
"WyJ2ZWhpY2xlcyIsIjJmMTc2NDE3LWVlZGItNGIwMC05NzA5LWJmM2IxYjVkYWI4MSJd","2f176417-eedb-4b00-9709-bf3b1b5dab81","Miran","Gaynes","Changsha","Audi","200","KMHHU6KJ9FU473800","1982-03-27T00:00:00","39.04287414383562"
"WyJ2ZWhpY2xlcyIsIjJmNTliNTI2LTdjNjYtNGZiOC05YmI2LTcwNDQ1YTY4MTAyZSJd","2f59b526-7c66-4fb8-9bb6-70445a68102e","Shelli","Christmas","Niort","Volkswagen","Scirocco","1N6AD0CU9AC935506","1982-04-11T00:00:00","39.08910058346017"
"WyJ2ZWhpY2xlcyIsIjJmN2QxODNjLWVhZTgtNGEzOS04ZWNiLTgwODY1Y2E2ZDUwOSJd","2f7d183c-eae8-4a39-8ecb-80865ca6d509","Myrvyn","Chastelain","Badar","Mazda","MPV","WVGFG9BP2BD265739","1983-04-03T00:00:00","38.02369599822425"
"WyJ2ZWhpY2xlcyIsIjJmOGJjMjY0LWQ1NmMtNDhiNC1iZmNkLWQ2Zjg0NDgwNGEzNyJd","2f8bc264-d56c-48b4-bfcd-d6f844804a37","Colver","Nickoll","Dongxiaokou","Pontiac","6000","1FMJK1F53DE904885","1983-05-02T00:00:00","38.03156652714358"
"WyJ2ZWhpY2xlcyIsIjMwM2Q2NDU3LWNhMmEtNGI2Ni1hNzZkLTkyZDFhOTMyNWM1ZiJd","303d6457-ca2a-4b66-a76d-92d1a9325c5f","Yvor","Olenov","Krajan","Oldsmobile","Achieva","3N1BC1CP0CK479387","1982-07-15T00:00:00","38.82882667427702"
"WyJ2ZWhpY2xlcyIsIjMwYzU3ZTMwLTc3M2QtNDRkOC1iOTlkLWM5NjNhN2JiZTVmYiJd","30c57e30-773d-44d8-b99d-c963a7bbe5fb","Breanne","Servante","Tambakrejo","Subaru","Loyale","1D7RE2GK5BS353021","1983-03-18T00:00:00","38.154854071537294"
"WyJ2ZWhpY2xlcyIsIjMwZmFlZmE3LTBmMzQtNDdlMC05YTU4LWZmOGIzZTE5YmM1YiJd","30faefa7-0f34-47e0-9a58-ff8b3e19bc5b","Aldric","Churchyard","La Rioja","Mercedes-Benz","W201","1G6KY54993U119382","1982-05-05T00:00:00","39.02334722222222"
"WyJ2ZWhpY2xlcyIsIjMxNGE0YTlhLTJlYTctNDFhNi05YjVjLWU1OTBhYTE3MWNhZCJd","314a4a9a-2ea7-41a6-9b5c-e590aa171cad","Elisha","Crawley","Karlovy Vary","Subaru","Legacy","1FTEW1C80FK361573","1981-11-02T00:00:00","39.52745658929477"
"WyJ2ZWhpY2xlcyIsIjMxYWU1MjE0LWE2NzYtNGI2Ny04NThmLTAxZjFiM2ZiOTRmMCJd","31ae5214-a676-4b67-858f-01f1b3fb94f0","Cathlene","Petriello","Wangzuo","Mazda","B2500","KNAFK4A62F5421421","1983-01-12T00:00:00","38.2456139015728"
"WyJ2ZWhpY2xlcyIsIjMyMWQwMjk0LWUxMmEtNGE2Yy1hMzU2LWFkNmNjMzI0N2I5OCJd","321d0294-e12a-4a6c-a356-ad6cc3247b98","Jerrine","Reah","Royan","Toyota","MR2","WAUEFAFL1BN798233","1981-12-14T00:00:00","39.32506579781837"
"WyJ2ZWhpY2xlcyIsIjM0NGRkNzcyLTE5Y2ItNDlmNy1iNGI5LWNkNmM2N2M4ODUxMCJd","344dd772-19cb-49f7-b4b9-cd6c67c88510","Malachi","Menlove","Ghār al Milḩ","Pontiac","Bonneville","5UXZV8C58BL632436","1982-08-10T00:00:00","38.7575937658549"
"WyJ2ZWhpY2xlcyIsIjM0Y2QwOGJhLTAzMWUtNGU4Ny04ODJkLTM2NTVhNzViMzU0OSJd","34cd08ba-031e-4e87-882d-3655a75b3549","Masha","Callingham","Krandil","Mercury","Milan","WAUCFAFH5AN024858","1982-05-16T00:00:00","38.90588784246575"
"WyJ2ZWhpY2xlcyIsIjM1YjQ0OWZiLTI1OTQtNGM1ZS04NmIyLTZjZDIxOGQ3ZWYwMiJd","35b449fb-2594-4c5e-86b2-6cd218d7ef02","Everett","Leachman","Altay sumu","Plymouth","Horizon","1N6AA0EC0EN827122","1982-08-04T00:00:00","38.77403209030949"
"WyJ2ZWhpY2xlcyIsIjM1YzJlNWJmLWMyZTgtNGNlYS1iZDhiLTdiYWMzNmNkM2I1MCJd","35c2e5bf-c2e8-4cea-bd8b-7bac36cd3b50","Ted","Ganford","Bandar Pusat Jengka","Chevrolet","3500","1FTSX2B54AE674808","1982-06-02T00:00:00","38.8593125"
"WyJ2ZWhpY2xlcyIsIjM1YzY0NDI2LTcxY2ItNGNkOS1hNTRmLTM0NmExNWVlMDM4YyJd","35c64426-71cb-4cd9-a54f-346a15ee038c","Warden","Fontin","Englewood","Pontiac","GTO","2C3CDXEJ6FH726370","1983-01-31T00:00:00","38.280881278538814"
"WyJ2ZWhpY2xlcyIsIjM2MzE4ZGUxLTAwMjEtNDIyOC04NmY3LWUxNGZmMGQ2ZGU2NiJd","36318de1-0021-4228-86f7-e14ff0d6de66","Sumner","Simmens","Brezovica","Volvo","S80","5XXGM4A71CG529725","1982-06-16T00:00:00","38.82095630390665"
"WyJ2ZWhpY2xlcyIsIjM2OTI5NDIwLWFiYjgtNDkyYy04ZjZkLTMxNDkwMjJiMjY2YSJd","36929420-abb8-492c-8f6d-3149022b266a","Diann","Brammar","Kastsyukovichy","Hyundai","Elantra","WAULC68EX5A364982","1982-02-25T00:00:00","39.125065924657534"
"WyJ2ZWhpY2xlcyIsIjM4ZGYyY2U1LTQxM2UtNDcxOC1hNDc1LTZiYjYyMTk2NzFhOCJd","38df2ce5-413e-4718-a475-6bb6219671a8","Ivan","Mathers","Tanguiéta","Ford","F-Series Super Duty","WBALX3C58CD944186","1983-05-12T00:00:00","38.004169108320646"
"WyJ2ZWhpY2xlcyIsIjM4ZTFhNGI2LTM5NDMtNGI1MS05N2FhLWI2NDlmZGVhNzYyZSJd","38e1a4b6-3943-4b51-97aa-b649fdea762e","Myrvyn","Chastelain","Badar","Mazda","MPV","WVGFG9BP2BD265739","1983-04-03T00:00:00","38.11101839167935"
"WyJ2ZWhpY2xlcyIsIjM5YjIzMWQ5LWMyZGItNDE1MS05YWUyLTBhMmUwNmU4MWZhZCJd","39b231d9-c2db-4151-9ae2-0a2e06e81fad","Lizabeth","Callen","Krajan Pundungsari","Ford","E-Series","WBALW3C59FC851657","1982-10-11T00:00:00","38.500408326991376"
"WyJ2ZWhpY2xlcyIsIjNhMzIyZjZlLTg5YzgtNDk0Mi04MjBiLTIxOTMwZTUyMWE4NyJd","3a322f6e-89c8-4942-820b-21930e521a87","Kenton","Thomazin","Kryvichy","Cadillac","STS","JN1CV6EK6FM823953","1982-04-07T00:00:00","39.012737062404874"
"WyJ2ZWhpY2xlcyIsIjNhMzkwNzdiLTVmNGYtNDIxMS05ZDA5LWNmMDAyMjg4ZGZjOCJd","3a39077b-5f4f-4211-9d09-cf002288dfc8","Gavrielle","Wyndham","Kill","Cadillac","Escalade","5GADX23L66D813702","1982-06-25T00:00:00","38.88362119482496"
"WyJ2ZWhpY2xlcyIsIjNhNGEwZTIzLTZlMDUtNGZhYy05ZTc4LWUwM2Q3YTM3MWViNSJd","3a4a0e23-6e05-4fac-9e78-e03d7a371eb5","Nelle","Sympson","Kilinochchi","Buick","Regal","WAUVT64B13N180167","1982-12-22T00:00:00","38.30314811643836"
"WyJ2ZWhpY2xlcyIsIjNhODMzNzJjLWQ1YWYtNGQ4NC1iZWM3LWY2ODZhYWQxYzU1NSJd","3a83372c-d5af-4d84-bec7-f686aad1c555","Sheree","Mayoh","Izingolweni","Chevrolet","Corvette","WAUFFBFL9CA136225","1981-12-13T00:00:00","39.32780561897514"
"WyJ2ZWhpY2xlcyIsIjNiMGMzMjY1LWIxMzAtNDNmMi1hNmVlLThiZWY3ZDc4ZTg0YiJd","3b0c3265-b130-43f2-a6ee-8bef7d78e84b","Chris","Bolens","Xuedian","Honda","CR-V","1FADP5CU6FL068129","1982-12-14T00:00:00","38.41238812785388"
"WyJ2ZWhpY2xlcyIsIjNiZjYyZGMzLTZlNTUtNDA5OC05MjhlLTMyNDVjNWY5NDBkOCJd","3bf62dc3-6e55-4098-928e-3245c5f940d8","Vita","Goulborne","Sicheng","Chevrolet","G-Series G10","5TFBY5F1XDX326836","1982-12-17T00:00:00","38.31684671486555"
"WyJ2ZWhpY2xlcyIsIjNjNjEyZjQ4LTQ4ZTAtNGEzNi1hNDU5LTc0YTFmNzIyYjdiMyJd","3c612f48-48e0-4a36-a459-74a1f722b7b3","Ian","Dawidman","Shahrisabz Shahri","BMW","1 Series","WDDEJ7EB4CA879142","1982-10-31T00:00:00","38.44561383815322"
"WyJ2ZWhpY2xlcyIsIjNjYTVjODE1LWIzODctNDM0Mi04MWEzLTI5OWNmOGJhMTQ0NSJd","3ca5c815-b387-4342-81a3-299cf8ba1445","Hansiain","Delve","Szydłowo","Chevrolet","Corvette","YV1622FS9C2000204","1981-09-06T00:00:00","39.68362119482496"
"WyJ2ZWhpY2xlcyIsIjNkMDQwMGNhLWJjY2EtNGVkOS04MjBhLTNjZDQ4OThlY2M3OSJd","3d0400ca-bcca-4ed9-820a-3cd4898ecc79","Frasquito","Robarts","Nicosia","Ferrari","612 Scaglietti","WBABV13425J041890","1981-09-19T00:00:00","39.64800469304922"
"WyJ2ZWhpY2xlcyIsIjNkNjgwNTJjLWVlNGYtNDMxYS1hNzE1LTQxNDBhNTRhNTI0YiJd","3d68052c-ee4f-431a-a715-4140a54a524b","Charla","Trevorrow","Palmas","BMW","530","19XFB2E2XCE912897","1981-10-09T00:00:00","39.50588790588534"
"WyJ2ZWhpY2xlcyIsIjNkYTU3YWEzLTJlOWUtNGUyYy1iYjljLTNhNzc0M2E4NjEyZSJd","3da57aa3-2e9e-4e2c-bb9c-3a7743a8612e","Evangeline","Lossman","Wagini","Ford","Escape","WAUDFBFL0AN867445","1983-02-06T00:00:00","38.26444327118214"
"WyJ2ZWhpY2xlcyIsIjNlZmMwMDhiLWE0MDUtNDMyMS1hZDRhLTU3MzgwY2NiOGQwNCJd","3efc008b-a405-4321-ad4a-57380ccb8d04","Mahalia","Fandrich","Bálsamo Oriental","BMW","5 Series","WBSBR93473P927986","1982-05-04T00:00:00","38.93876449137494"
"WyJ2ZWhpY2xlcyIsIjNmZDNkNWVhLTdmMmYtNDJjZC1iYTNiLWQ4NTI1NWU1MGQwMyJd","3fd3d5ea-7f2f-42cd-ba3b-d85255e50d03","Bendite","Addy","Klimovsk","Mercedes-Benz","300D","WAUJC58E62A986637","1981-12-26T00:00:00","39.37951151065449"
"WyJ2ZWhpY2xlcyIsIjQwOThiMmYwLTQyNDEtNDM5Ny1iZjU0LTI0NmNhYTJiNGI4ZCJd","4098b2f0-4241-4397-bf54-246caa2b4b8d","Park","Golder","Chumphon","Mercury","Grand Marquis","JTDJTUD30DD143536","1982-07-31T00:00:00","38.784990994419076"
"WyJ2ZWhpY2xlcyIsIjQwZGYxMGM2LWMzZWUtNGNkZS05ZjVjLTVmYjhmZGE0ODc2MSJd","40df10c6-c3ee-4cde-9f5c-5fb8fda48761","Roch","Lovejoy","Belo Oriente","Ford","Mustang","1N6AA0CC9DN464207","1982-08-04T00:00:00","38.774032153729074"
"WyJ2ZWhpY2xlcyIsIjQwZTk0ZGQ3LTU5ZDAtNDhhZi1hOGUwLTMwZTI3YTBkNWZmNyJd","40e94dd7-59d0-48af-a8e0-30e27a0d5ff7","Edith","Reinmar","Jintang","Toyota","Paseo","WBA5B1C59FG391532","1983-03-15T00:00:00","38.075750824454595"
"WyJ2ZWhpY2xlcyIsIjQxMTUzODE5LWFkZGMtNDgzYS04NGNhLTg4MmEwMWE2NzdkMiJd","41153819-addc-483a-84ca-882a01a677d2","Jeremie","Story","Havirga","Honda","CR-V","4USBT33584L434626","1982-01-15T00:00:00","39.23739466007103"
"WyJ2ZWhpY2xlcyIsIjQxYWZlYjg0LWVjZWQtNGYzYS1iNWI3LWE0ZjdjMjk0YWEzYiJd","41afeb84-eced-4f3a-b5b7-a4f7c294aa3b","Geoff","Le Marchant","Jabon","Volkswagen","Passat","1G6KD57907U097110","1981-11-03T00:00:00","39.52471695839675"
"WyJ2ZWhpY2xlcyIsIjQxZDYyZjIwLTc2ZjUtNDI0ZC1iZDZmLTgxYzliZmU5YjI1ZiJd","41d62f20-76f5-424d-bd6f-81c9bfe9b25f","Jaymee","Balazs","Dédougou","GMC","Savana","WBAFB33491L171721","1982-10-15T00:00:00","38.48944942288178"
"WyJ2ZWhpY2xlcyIsIjQyNzI1MWI3LTY3NzQtNDVhZS04MDE2LWVlYjllNjFhNjU0YiJd","427251b7-6774-45ae-8016-eeb9e61a654b","Milty","Brouwer","Orós","Maybach","57","5UXFG2C53E0454158","1982-01-14T00:00:00","39.327456716133945"
"WyJ2ZWhpY2xlcyIsIjQyN2YwZGY5LTliNzAtNDkyMC04ZTdhLTcyMDllMGRkZjdlYSJd","427f0df9-9b70-4920-8e7a-7209e0ddf7ea","Jeremie","Story","Havirga","Honda","CR-V","4USBT33584L434626","1982-01-15T00:00:00","39.32471702181634"
"WyJ2ZWhpY2xlcyIsIjQ1YWYxYjlmLTMwMjgtNDk3Zi1hMWU3LTI3ZTdjZmFmODAxNiJd","45af1b9f-3028-497f-a1e7-27e7cfaf8016","Florri","Klais","Tečovice","Scion","xB","WAUDT94F85N426635","1982-09-20T00:00:00","38.6452650304414"
"WyJ2ZWhpY2xlcyIsIjQ1ZDljZmFlLWJmYzUtNDM1MC05MGMwLTUxNDZjYmRmOTBjOSJd","45d9cfae-bfc5-4350-90c0-5146cbdf90c9","Cris","Leger","Cholargós","Dodge","Stealth","WBAYG6C52FD289129","1982-05-20T00:00:00","38.89492890664637"
"WyJ2ZWhpY2xlcyIsIjQ2NzE4MTQ0LTg4MTEtNDE1Ni05YjdiLWI5YTM2YzZmNjJhNiJd","46718144-8811-4156-9b7b-b9a36c6f62a6","Yvor","Olenov","Krajan","Oldsmobile","Achieva","3N1BC1CP0CK479387","1982-07-15T00:00:00","38.74150428082192"
"WyJ2ZWhpY2xlcyIsIjQ2ODc1YWVlLTRjNzktNDBkNC1iODM1LWJjZmNiNDIwMDk0MiJd","46875aee-4c79-40d4-b835-bcfcb4200942","Zed","Belt","Baoxing","Honda","S2000","WAU4FBFL3AA651838","1982-01-27T00:00:00","39.20451794774226"
"WyJ2ZWhpY2xlcyIsIjQ3MTc5Y2JiLWU2NWQtNDg4ZC1hMWE4LTUwZWY3MTk5NmE2MCJd","47179cbb-e65d-488d-a1a8-50ef71996a60","Kalinda","Rumble","Cavadas","Ford","Escort","KMHFG4JG1FA889334","1981-12-11T00:00:00","39.420607623033995"
"WyJ2ZWhpY2xlcyIsIjQ3ZGFmYTgyLTYyNjEtNGEyNi04MGZiLTNjMWJlYjllY2UyNCJd","47dafa82-6261-4a26-80fb-3c1beb9ece24","Letisha","Sumpner","Tafeng","Scion","xB","WBA3A9C58EF471448","1981-09-18T00:00:00","39.56342215246068"
"WyJ2ZWhpY2xlcyIsIjQ4NWJjN2MxLTEzMWYtNGRiMS1hZDhjLWQ2YTViMmIyNjA5ZSJd","485bc7c1-131f-4db1-ad8c-d6a5b2b2609e","Kath","Janku","Imotski","Toyota","Corolla","KMHDB8AE5CU117179","1981-10-15T00:00:00","39.4894493594622"
"WyJ2ZWhpY2xlcyIsIjQ4YzQzMWUxLThiZDQtNDM3MS1hYzVhLThlNWNjMzlkZTc1MCJd","48c431e1-8bd4-4371-ac5a-8e5cc39de750","Maye","Weedall","Nelson","Subaru","Impreza","JTDJTUD39ED741836","1983-02-05T00:00:00","38.17986031836631"
"WyJ2ZWhpY2xlcyIsIjQ5NDUwOThlLWJhMmYtNGYyMS1iYjBhLTM3MmJkMjRjOTZlZCJd","4945098e-ba2f-4f21-bb0a-372bd24c96ed","Lissa","Jadczak","Uchkeken","Mercury","Grand Marquis","WBAYA8C54FG468445","1982-01-19T00:00:00","39.22643572425165"
"WyJ2ZWhpY2xlcyIsIjQ5NmVkNzVhLTYxZWYtNDVhNC05NzA1LWM1NzhiZWJkYmYxNiJd","496ed75a-61ef-45a4-9705-c578bebdbf16","Brady","Clashe","Springfield","Spyker","C8 Spyder","WAU3GAFD4FN825041","1982-09-05T00:00:00","38.68636088914257"
"WyJ2ZWhpY2xlcyIsIjQ5YmY2ZmRkLTg1YjktNGY3Ny05YjM3LTkyMmI5MGRhZWVjZSJd","49bf6fdd-85b9-4f77-9b37-922b90daeece","Perri","Everton","Samal","Mercury","Grand Marquis","5N1AT2ML3FC003263","1983-02-07T00:00:00","38.174380961440896"
"WyJ2ZWhpY2xlcyIsIjRhMjhmNmY0LTFiNDAtNDgzNS1hMzg2LTAxMmUwOTkwY2VkNCJd","4a28f6f4-1b40-4835-a386-012e0990ced4","Meggie","Leftwich","Vernon","Chevrolet","Lumina","5UXZW0C55CL599587","1982-07-23T00:00:00","38.71958644089295"
"WyJ2ZWhpY2xlcyIsIjRhM2Y3NDc3LTEzYjktNGRhNi04NDI2LTg5OTAzMDM0NzA0MSJd","4a3f7477-13b9-4da6-8426-899030347041","Garwin","Weatherhogg","Al ‘Anān","Ford","F350","JH4CU2F47DC163416","1982-03-09T00:00:00","39.1795114789447"
"WyJ2ZWhpY2xlcyIsIjRhZDhlNzlkLWJmYmItNDllMS04ZDI1LTEyNDQ2YWRiNGE3YiJd","4ad8e79d-bfbb-49e1-8d25-12446adb4a7b","Ortensia","Paulillo","Kudowa-Zdrój","Subaru","Alcyone SVX","JH4DC53075S206542","1982-03-12T00:00:00","39.08397000253678"
"WyJ2ZWhpY2xlcyIsIjRiMDZiMTQ5LWRkNGItNDdhZS04OTMzLTUzZWI2ZDY2ZjkwMiJd","4b06b149-dd4b-47ae-8933-53eb6d66f902","Tanney","Havick","San Isidro","Mercedes-Benz","SL-Class","WBAPL33599A072561","1982-02-19T00:00:00","39.141504249112124"
"WyJ2ZWhpY2xlcyIsIjRjM2JjZWEyLTFjYmQtNDM2OC1hYmU1LTU0OGZmMjlkOGVhYSJd","4c3bcea2-1cbd-4368-abe5-548ff29d8eaa","Filia","David","Cauto Cristo","Ford","Econoline E150","SALVP2BG1FH652605","1982-07-04T00:00:00","38.85896378741756"
"WyJ2ZWhpY2xlcyIsIjRjODM0M2U3LTU4N2QtNDYzMi1hYTE3LTljNjQwNGNjNTg2OSJd","4c8343e7-587d-4632-aa17-9c6404cc5869","Dyann","Wadforth","Yongyang","Plymouth","Grand Voyager","1G6DF5EY1B0757975","1981-08-22T00:00:00","39.63739466007103"
"WyJ2ZWhpY2xlcyIsIjRkMDA5ZDBmLTQxM2QtNDYwNC05MGU2LTg0NGU4ZDE2ZDcyMiJd","4d009d0f-413d-4604-90e6-844e8d16d722","Pepillo","Ebbings","Aldeias de Cima","Suzuki","Swift","WAUVT58E65A578063","1981-10-29T00:00:00","39.538415842212075"
"WyJ2ZWhpY2xlcyIsIjRkYThjZmNkLTM4ZDQtNGU4NS1iOTk4LTNiNDJlMWU2YWYxYSJd","4da8cfcd-38d4-4e85-b998-3b42e1e6af1a","Drusi","Thorpe","Soure","Daewoo","Leganza","JTDKN3DU8A0816481","1983-01-25T00:00:00","38.29731972983257"
"WyJ2ZWhpY2xlcyIsIjRkYmE0MTRhLTEzYjktNDBhZC04YWZlLWQyY2U5NmY4MjhjYyJd","4dba414a-13b9-40ad-8afe-d2ce96f828cc","Reece","Rizzardi","Tigil’","Mercedes-Benz","E-Class","KNAFU6A29D5975412","1982-09-25T00:00:00","38.63156636859462"
"WyJ2ZWhpY2xlcyIsIjRkZTA4MWRmLTU3ZWEtNDc1YS1iZWM5LTU0ZGVhZGQ0MGZlOCJd","4de081df-57ea-475a-bec9-54deadd40fe8","Timotheus","Rapsey","Boston","Nissan","Pathfinder Armada","5N1BA0NC7FN344490","1982-01-06T00:00:00","39.26205209918823"
"WyJ2ZWhpY2xlcyIsIjRmMzJjN2Q1LWYyZTQtNDFiMC05NWYyLTQxZjM3MmQyMDI5ZSJd","4f32c7d5-f2e4-41b0-95f2-41f372d2029e","Raeann","Conkey","Rajhrad","Chevrolet","Caprice Classic","WDDDJ7CB3BA912080","1982-03-08T00:00:00","39.18225126839168"
"WyJ2ZWhpY2xlcyIsIjRmNDdjMzY4LWE3ZDktNDY3My04NDVkLTVhZjYwM2VhMjVlOCJd","4f47c368-a7d9-4673-845d-5af603ea25e8","Audie","Mowling","Tuochuan","BMW","M5","SCBBB7ZH1FC359341","1982-03-16T00:00:00","39.07301100329782"
"WyJ2ZWhpY2xlcyIsIjUwOTQ4NDFlLTE3NjQtNGE2Ny05YWVjLWI5MTcyMzQzYzY0ZSJd","5094841e-1764-4a67-9aec-b9172343c64e","Mallissa","Blease","Balta","Ford","Freestar","2HNYD18626H041914","1982-10-23T00:00:00","38.467531614662605"
"WyJ2ZWhpY2xlcyIsIjUwOWIwN2YyLWVhMzUtNDMwYy1iZjk2LWI4ZTQ2YmRiZDJlMyJd","509b07f2-ea35-430c-bf96-b8e46bdbd2e3","Wilhelmine","Waterfield","Świebodzice","Jeep","Grand Cherokee","2HNYD18956H063075","1981-09-11T00:00:00","39.66992256468797"
"WyJ2ZWhpY2xlcyIsIjUxYTE1ZDcyLWZhZDEtNDBkNS1iODg2LTZkZTY1ZmFjNWUyMiJd","51a15d72-fad1-40d5-b886-6de65fac5e22","Lesya","Colrein","Chaoyang","Acura","NSX","5GAKRBKD9EJ448265","1983-03-04T00:00:00","38.193210299340436"
"WyJ2ZWhpY2xlcyIsIjUyZmEwZDUxLTVjZmEtNDY2Ni05NDkyLWEwYjJmZTJmZDA5MSJd","52fa0d51-5cfa-4666-9492-a0b2fe2fd091","Filia","David","Cauto Cristo","Ford","Econoline E150","SALVP2BG1FH652605","1982-07-04T00:00:00","38.77164133054287"
"WyJ2ZWhpY2xlcyIsIjU0NWU4M2JlLTc3NTAtNGVjZC1hNThhLWM3OTg3OTI0YTllNyJd","545e83be-7750-4ecd-a58a-c7987924a9e7","Cesya","Sire","Dadiharja","Suzuki","Grand Vitara","1D7RV1CP6AS666234","1981-12-03T00:00:00","39.44252517757484"
"WyJ2ZWhpY2xlcyIsIjU0ODkwNjVhLTgxMmUtNDEyMy04MjhlLTBkYWU0N2UxOTIwNiJd","5489065a-812e-4123-828e-0dae47e19206","Bryna","Critzen","Kara Suu","Chevrolet","Tahoe","WBAVM1C51DV755171","1983-03-11T00:00:00","38.08670963343481"
"WyJ2ZWhpY2xlcyIsIjU1MTljMWI5LTdlOWYtNDUwYi1hNDY2LWI3YTNkN2FlMzhiZCJd","5519c1b9-7e9f-450b-a466-b7a3d7ae38bd","Horace","Truckett","Hadapu Zhen","Kia","Sephia","KMHGN4JEXFU714037","1982-11-29T00:00:00","38.45348401826484"
"WyJ2ZWhpY2xlcyIsIjU4NDRiY2Y4LWM1YzEtNDg1Zi1iYWNiLTY0NDZmYmE0N2VjOSJd","5844bcf8-c5c1-485f-bacb-6446fba47ec9","Clare","Penniall","Digne-les-Bains","Subaru","Tribeca","SCBFC7ZA0DC522754","1981-12-30T00:00:00","39.28123030821918"
"WyJ2ZWhpY2xlcyIsIjVhODQ0NTYxLTFlNjQtNGY5NC05YTQyLWM5YmQyYjgxNGYzMSJd","5a844561-1e64-4f94-9a42-c9bd2b814f31","Warden","Fontin","Englewood","Pontiac","GTO","2C3CDXEJ6FH726370","1983-01-31T00:00:00","38.193558948503295"
"WyJ2ZWhpY2xlcyIsIjViMjBhOTM0LTQxODctNDlkOS04OWVjLTIyNjY1ZjNlMjZkMyJd","5b20a934-4187-49d9-89ec-22665f3e26d3","Eloise","Mompesson","Pokrzywnica","Mercury","Marquis","SCFEDCAD7CG535756","1981-10-24T00:00:00","39.552114186960935"
"WyJ2ZWhpY2xlcyIsIjViNGFhNDA3LTRhZWUtNGNmYS05NTgzLTIyMDhjZWRlOTRiNiJd","5b4aa407-4aee-4cfa-9583-2208cede94b6","Paddie","Nickell","Brejieira","Pontiac","Aztek","WA1BY94LX7D204912","1983-03-08T00:00:00","38.18225110984272"
"WyJ2ZWhpY2xlcyIsIjViN2FjYTUwLTA0YjctNDVjMC05MmE0LWRiNDE1OTlkYWQ1ZSJd","5b7aca50-04b7-45c0-92a4-db41599dad5e","Amalia","Speak","Atalhada","Toyota","Sienna","WBAGN63564D331123","1981-11-08T00:00:00","39.51101835996956"
"WyJ2ZWhpY2xlcyIsIjVjMDk0YzY4LWE5NTktNDA5My1hZjhjLWM3YjAyNTlmZDcwNiJd","5c094c68-a959-4093-af8c-c7b0259fd706","Leila","Cawthorn","Asadābād","Bentley","Continental Flying Spur","WBANV13558B466265","1983-01-06T00:00:00","38.34937449264333"
"WyJ2ZWhpY2xlcyIsIjVjMTBlZmQ0LWM3NDUtNGI5NC1iNWQwLTEwYjFmZGZkNGUyOCJd","5c10efd4-c745-4b94-b5d0-10b1fdfd4e28","Darcee","Davenhill","Gegernoong","Nissan","Maxima","JN8AZ2KR8AT575727","1983-03-07T00:00:00","38.097668632673766"
"WyJ2ZWhpY2xlcyIsIjVjMWM5NjcxLWQ1M2MtNDM0NC1iNTkzLWMwZDVmMjkyYTE4YiJd","5c1c9671-d53c-4344-b593-c0d5f292a18b","Helyn","Beardsley","Palaihari","BMW","8 Series","WAUAH74F36N884562","1981-08-16T00:00:00","39.65383298452562"
"WyJ2ZWhpY2xlcyIsIjVjYzcyZTliLWI4ZjQtNGZkYi1hMzQwLTBhMjBkNzM2ZWRhMSJd","5cc72e9b-b8f4-4fdb-a340-0a20d736eda1","Nollie","Reeve","Arras","Volvo","V50","5N1AN0NW1FN344222","1982-01-03T00:00:00","39.35759392440386"
"WyJ2ZWhpY2xlcyIsIjVkM2M1MjRhLWZkMzUtNDM5NS05YzE1LWEyYjgzN2NjNmNmOSJd","5d3c524a-fd35-4395-9c15-a2b837cc6cf9","Lesli","Geary","Rozwadza","Audi","TT","SCBLE37G73C151586","1982-04-08T00:00:00","39.009997336377474"
"WyJ2ZWhpY2xlcyIsIjVkZDE0ZTM5LWQ1NWEtNDJlYy05YThjLTI3YjNjZDA2NDMwOCJd","5dd14e39-d55a-42ec-9a8c-27b3cd064308","Kelsey","Leslie","Luna","Hyundai","Elantra","5UXFE83577L852435","1982-02-17T00:00:00","39.14698370116692"
"WyJ2ZWhpY2xlcyIsIjVlYzQ1MjNkLWZiMjYtNDBhZC1iZDlhLTgxYjMxNzc4YTZhZCJd","5ec4523d-fb26-40ad-bd9a-81b31778a6ad","Luce","Prydie","Presidencia Roque Sáenz Peña","Chevrolet","Tahoe","WP0AB2A80CS864893","1982-07-20T00:00:00","38.81512820268899"
"WyJ2ZWhpY2xlcyIsIjVmOWY2YmQ3LTg0NTktNDkzYi04NGM3LTc5OGJiN2JiMDVkMCJd","5f9f6bd7-8459-493b-84c7-798bb7bb05d0","Ted","Ganford","Bandar Pusat Jengka","Chevrolet","3500","1FTSX2B54AE674808","1982-06-02T00:00:00","38.94663498858448"
"WyJ2ZWhpY2xlcyIsIjVmZmZiM2Q0LTc4ZjktNGYxZC05MTc3LWQzMTA4NzJkYzBmZiJd","5fffb3d4-78f9-4f1d-9177-d310872dc0ff","Dorri","Feasby","Vanderbijlpark","Pontiac","GTO","WAU3GAFC6DN161300","1982-06-28T00:00:00","38.87540217529173"
"WyJ2ZWhpY2xlcyIsIjYwN2NhZTljLWEzNzMtNDQ4Zi1iMjlmLTEyZGIzYWM3OTZiMiJd","607cae9c-a373-448f-b29f-12db3ac796b2","Nollie","Reeve","Arras","Volvo","V50","5N1AN0NW1FN344222","1982-01-03T00:00:00","39.27027143581938"
"WyJ2ZWhpY2xlcyIsIjYwOGNkNTcwLTNhMTUtNGRkMC1hOTcyLWM4ZmM5M2U3OWI5ZSJd","608cd570-3a15-4dd0-a972-c8fc93e79b9e","Wallie","Elgee","Lazaro Cardenas","Land Rover","Range Rover Evoque","JA32U1FU1CU811556","1981-08-19T00:00:00","39.73293610476915"
"WyJ2ZWhpY2xlcyIsIjYxMTI2ZjBkLTZkOTUtNGE1My1hMWJkLTY5Y2NhYTIxNjQ0NCJd","61126f0d-6d95-4a53-a1bd-69ccaa216444","Kenton","Thomazin","Kryvichy","Cadillac","STS","JN1CV6EK6FM823953","1982-04-07T00:00:00","39.100059392440386"
"WyJ2ZWhpY2xlcyIsIjYxYWQwY2Y4LTk1MDMtNDVlNS04NmM1LWJhMjU3YWQyYjAwYyJd","61ad0cf8-9503-45e5-86c5-ba257ad2b00c","Norah","Whatman","Loutrá","Mazda","MPV","1GYUKGEF1AR235385","1983-03-10T00:00:00","38.17677178462709"
"WyJ2ZWhpY2xlcyIsIjYxZTAzODAzLWRhY2YtNDYzZi04MmI1LTlkNDVjODZiY2JjYyJd","61e03803-dacf-463f-82b5-9d45c86bcbcc","Forrest","Carlisi","Tha Bo","Mazda","Miata MX-5","1C6RD7PT5CS237667","1982-11-08T00:00:00","38.5110185819381"
"WyJ2ZWhpY2xlcyIsIjYyNWQ0MGYwLTg2MDUtNGU5ZC05ZDg4LTgzNTZjZDdiM2NkMiJd","625d40f0-8605-4e9d-9d88-8356cd7b3cd2","Evangeline","Lossman","Wagini","Ford","Escape","WAUDFBFL0AN867445","1983-02-06T00:00:00","38.17712078259767"
"WyJ2ZWhpY2xlcyIsIjYyZGUxNTQwLTc3MDgtNDBmMS05NzFmLWYzMDJiMWNkNmNjMiJd","62de1540-7708-40f1-971f-f302b1cd6cc2","Lou","Sizzey","Skorogoszcz","Bentley","Azure T","JN1BV7AP4FM610437","1982-01-09T00:00:00","39.3411554414003"
"WyJ2ZWhpY2xlcyIsIjY0YmVmMzUyLWZiZWEtNDE5OS1hMjkwLWRhYzVlNWQ0YmFjNyJd","64bef352-fbea-4199-a290-dac5e5d4bac7","Carissa","Emeline","Cipolletti","Porsche","928","WBAEA535X9C078690","1981-09-08T00:00:00","39.67814167935058"
"WyJ2ZWhpY2xlcyIsIjY0ZmY0ODc1LTY0OWMtNDJlYy04NTdhLTg4MTM3MGFmNzUwYSJd","64ff4875-649c-42ec-857a-881370af750a","Alfredo","Goldson","Arbois","Land Rover","Defender","1G6DG5E57C0473206","1981-08-24T00:00:00","39.71923766489092"
"WyJ2ZWhpY2xlcyIsIjY1ZWY2NjJjLTFjZDgtNGUyYy04NjdkLTQxN2MyNzRiNWQ5MiJd","65ef662c-1cd8-4e2c-867d-417c274b5d92","Nicholas","Beenham","Genet","Lamborghini","Countach","1GTN1TEHXFZ440024","1982-07-12T00:00:00","38.74972339548452"
"WyJ2ZWhpY2xlcyIsIjY1ZjUxYTFmLThiODItNGUzNS1hZDBiLTFmNWNkNDA4OWJiYyJd","65f51a1f-8b82-4e35-ad0b-1f5cd4089bbc","Shelli","Christmas","Niort","Volkswagen","Scirocco","1N6AD0CU9AC935506","1982-04-11T00:00:00","39.001778221714865"
"WyJ2ZWhpY2xlcyIsIjY2MTEyZTdkLWUwMjYtNDQwYy1hNzAwLWU2ODQxYTg2YzVlZCJd","66112e7d-e026-440c-a700-e6841a86c5ed","Kacie","Seal","Zyryanovsk","Audi","90","5N1CR2MM8EC550110","1981-10-31T00:00:00","39.5329363267377"
"WyJ2ZWhpY2xlcyIsIjY2Yzg5NDFiLWQ1N2QtNDA2OC05Y2Y2LThiMjcwYTdhY2Q5NiJd","66c8941b-d57d-4068-9cf6-8b270a7acd96","Christabella","Gianettini","Głowno","Lexus","ES","WAUGL98E45A655304","1982-06-27T00:00:00","38.878141615931"
"WyJ2ZWhpY2xlcyIsIjY5OGZmODViLTU0NzktNDAyOS1hNTY2LTJiNmY0ZWMyNzJjYyJd","698ff85b-5479-4029-a566-2b6f4ec272cc","Taber","Skoate","Iguig","BMW","X6 M","5TFBW5F12BX192715","1983-02-06T00:00:00","38.26444298579401"
"WyJ2ZWhpY2xlcyIsIjZhMTQ4ZWVhLWM3YmQtNDc5Mi1hYzdhLTg2MTc5OWIwMWFiYiJd","6a148eea-c7bd-4792-ac7a-861799b01abb","Blair","Betteriss","Añelo","Cadillac","CTS","1GT020CG6EF986626","1982-10-19T00:00:00","38.56581297564688"
"WyJ2ZWhpY2xlcyIsIjZhNDlmMmE1LTUzODUtNDYyOC04NmI5LWYyNTJjOGNjZTdhZSJd","6a49f2a5-5385-4628-86b9-f252c8cce7ae","Danella","Basini-Gazzi","Puerto Cisnes","Mitsubishi","Tredia","4T3BA3BB3DU210972","1983-01-05T00:00:00","38.35211428209031"
"WyJ2ZWhpY2xlcyIsIjZhNTA1ODQxLWY3ZmEtNDk5NC1hMDhkLTBjOTA3NmEzYjU5MSJd","6a505841-f7fa-4994-a08d-0c9076a3b591","Denney","Stanton","Murça","Mazda","MPV","WBAYF4C56DD058979","1981-09-07T00:00:00","39.68088127853881"
"WyJ2ZWhpY2xlcyIsIjZjNTQ2NWEzLTE1ZDctNDM3Mi1iMWVhLTUwYjg2ZTAzYzYyMSJd","6c5465a3-15d7-4372-b1ea-50b86e03c621","Forrest","Carlisi","Tha Bo","Mazda","Miata MX-5","1C6RD7PT5CS237667","1982-11-08T00:00:00","38.42369609335363"
"WyJ2ZWhpY2xlcyIsIjZjNjEwZGZiLWViNWQtNDIzZi1iYTMxLWUyZDIyZjYxMjQxMSJd","6c610dfb-eb5d-423f-ba31-e2d22f612411","Gustave","Niblock","Huangbu","Plymouth","Neon","WAUPFAFM6AA102067","1982-12-13T00:00:00","38.41512785388128"
"WyJ2ZWhpY2xlcyIsIjZjZThiMDhkLWRjYTAtNDMxOC1hODhkLTBjNmFlYWQyNmRjNCJd","6ce8b08d-dca0-4318-a88d-0c6aead26dc4","Lissa","Crofthwaite","Blagodatnoye","Subaru","Loyale","WVWAB7AJXCW991952","1982-05-29T00:00:00","38.95759392440386"
"WyJ2ZWhpY2xlcyIsIjZjZWEwZmNmLTcwZjktNDY0YS04OGYyLWI4OGMxYjU2YzMwYyJd","6cea0fcf-70f9-464a-88f2-b88c1b56c30c","Austen","Fearnyhough","Mendoza","Acura","TL","JTDKN3DP3C3517833","1982-10-03T00:00:00","38.609648592085236"
"WyJ2ZWhpY2xlcyIsIjZlNjdhOWVkLTRhMGQtNGE3Mi05NjEwLWZjY2UyYzg3MGNlMSJd","6e67a9ed-4a0d-4a72-9610-fcce2c870ce1","Steven","Gleader","Shengli","Ford","E-Series","5TDBW5G17DS850617","1983-03-14T00:00:00","38.07849055048199"
"WyJ2ZWhpY2xlcyIsIjZlZWE4NzhlLWU2ODAtNDdlMy1iYTU5LTE0ODY2NzBkZTY5NiJd","6eea878e-e680-47e3-ba59-1486670de696","Anthe","Tures","Sassandra","Suzuki","SJ","1GYS3AKJ6FR907135","1981-11-10T00:00:00","39.418216546169454"
"WyJ2ZWhpY2xlcyIsIjZmM2YxM2JkLWMzZTUtNDk3OC05MWFkLTRhNTc1OWExM2NiOSJd","6f3f13bd-c3e5-4978-91ad-4a5759a13cb9","Sibella","Pascoe","Oslo","Toyota","Prius","WA1CYAFE1AD809736","1982-02-16T00:00:00","39.23704585235921"
"WyJ2ZWhpY2xlcyIsIjZmNzhkYTk4LTUzZjQtNGUxYi1iZThhLTdmNzFkNGE3YTJkNSJd","6f78da98-53f4-4e1b-be8a-7f71d4a7a2d5","Levin","Ferronel","Croix","Volkswagen","New Beetle","WBXPC93429W605269","1981-11-11T00:00:00","39.415476915271434"
"WyJ2ZWhpY2xlcyIsIjcwMjQwMzNjLTNkODktNDkwNi1iMzUyLWEyY2M1NTg1YmJkMiJd","7024033c-3d89-4906-b352-a2cc5585bbd2","Ranique","Denness","Wawu","Nissan","Leaf","WAUUL68E55A628324","1982-03-26T00:00:00","39.04561374302384"
"WyJ2ZWhpY2xlcyIsIjcwOTljNGQ3LTZhYWEtNGM1Ny05NzQ1LTNhM2M2NDhmYmU1YiJd","7099c4d7-6aaa-4c57-9745-3a3c648fbe5b","Norah","Whatman","Loutrá","Mazda","MPV","1GYUKGEF1AR235385","1983-03-10T00:00:00","38.089449422881785"
"WyJ2ZWhpY2xlcyIsIjcxNTEyMzBjLWJjMzItNDUzZi05YjczLTk0M2E1OWFkNTEwYiJd","7151230c-bc32-453f-9b73-943a59ad510b","Mei","Joiris","Newton","GMC","Sierra","5FRYD3H86FB469282","1982-10-21T00:00:00","38.47301116184678"
"WyJ2ZWhpY2xlcyIsIjcxNTUxY2E5LWIxNTYtNDg1YS04ZmE1LWVlY2I3Mzg2NzFjOCJd","71551ca9-b156-485a-8fa5-eecb738671c8","Garwin","Weatherhogg","Al ‘Anān","Ford","F350","JH4CU2F47DC163416","1982-03-09T00:00:00","39.092189148909185"
"WyJ2ZWhpY2xlcyIsIjcxODYxNWViLWQ3MGEtNDliNS1iOTdjLTQxNzNhOTg5YTFmYyJd","718615eb-d70a-49b5-b97c-4173a989a1fc","Florri","Klais","Tečovice","Scion","xB","WAUDT94F85N426635","1982-09-20T00:00:00","38.55794260527651"
"WyJ2ZWhpY2xlcyIsIjcxZTI4NmU0LWEzYWEtNGFhMi1hOTBjLWJkNzliZGE3OWU1NCJd","71e286e4-a3aa-4aa2-a90c-bd79bda79e54","Jerrine","Reah","Royan","Toyota","MR2","WAUEFAFL1BN798233","1981-12-14T00:00:00","39.41238809614409"
"WyJ2ZWhpY2xlcyIsIjcyZjA3ZjY0LTE3NzQtNDUyMi05NTFhLWIyZmU3MDM0YmVhMCJd","72f07f64-1774-4522-951a-b2fe7034bea0","Haroun","Kenchington","Jingtailu","Mercedes-Benz","SL-Class","5FPYK1F63EB645627","1982-10-26T00:00:00","38.54663498858447"
"WyJ2ZWhpY2xlcyIsIjczYTA3ZmY4LWU5MTgtNGM4ZC1hMjUyLTkxYjc1ZDUyYTJlNyJd","73a07ff8-e918-4c8d-a252-91b75d52a2e7","Monti","Illes","Ampasimanolotra","Subaru","Tribeca","2G61P5S36E9718611","1983-02-10T00:00:00","38.25348398655505"
"WyJ2ZWhpY2xlcyIsIjczYTBjYjFjLThiMjAtNDAwZC05NDcwLWE5ZjhiMDY4NDg1OSJd","73a0cb1c-8b20-400d-9470-a9f8b0684859","Berti","Glencross","Saint-Denis","Ford","Courier","3TMJU4GN4EM732489","1982-07-20T00:00:00","38.81512785388128"
"WyJ2ZWhpY2xlcyIsIjc0Yjc5NmMwLWIyZmEtNGFmOC1hMGY0LTMyYTkxNjViODdjNyJd","74b796c0-b2fa-4af8-a0f4-32a9165b87c7","Haroun","Kenchington","Jingtailu","Mercedes-Benz","SL-Class","5FPYK1F63EB645627","1982-10-26T00:00:00","38.4593125"
"WyJ2ZWhpY2xlcyIsIjc0ZWFlY2RkLWUyNjEtNGJhZi05MjliLTRkODU4NmVhOGM5MSJd","74eaecdd-e261-4baf-929b-4d8586ea8c91","Danyelle","Fosten","Montpellier","Volvo","960","WAUAF98E86A613782","1982-06-28T00:00:00","38.788079591577876"
"WyJ2ZWhpY2xlcyIsIjc1Y2VlM2E3LTZiZTQtNGI5Mi05OGY4LTczOTFlYTMyOWQ0NSJd","75cee3a7-6be4-4b92-98f8-7391ea329d45","Robin","Cumbers","Hövsan","Maserati","Quattroporte","KNAGN4AD7F5789619","1982-04-11T00:00:00","39.00177825342466"
"WyJ2ZWhpY2xlcyIsIjc2ODVmMzI1LTQwOTgtNDI4Yi1iMzVmLWQ0MDRlMzQzYTk0YSJd","7685f325-4098-428b-b35f-d404e343a94a","Jill","Pisculli","Nanterre","BMW","X5","1GKS1GKC6FR613447","1983-01-17T00:00:00","38.23191523972603"
"WyJ2ZWhpY2xlcyIsIjc2ZThjOTAxLWVjODctNDViYS04YjMyLTE4MWRjMzU4ZTBjNCJd","76e8c901-ec87-45ba-8b32-181dc358e0c4","Jeanette","Crake","Otlja","Ford","F350","WBABS53473J780184","1981-10-13T00:00:00","39.49492884322679"
"WyJ2ZWhpY2xlcyIsIjc3OWNjY2RkLTkxYjMtNDMxOS05ZjIyLTAwNTAzM2VhNjAyNCJd","779cccdd-91b3-4319-9f22-005033ea6024","Leif","Tongs","Xianghu","Audi","S4","JTHKD5BH8E2193408","1982-08-17T00:00:00","38.65109322678843"
"WyJ2ZWhpY2xlcyIsIjc3YTQwOTNjLTIzNzUtNGQyNi1hOWJhLTI5YTY4ZWE3ODExMSJd","77a4093c-2375-4d26-a9ba-29a68ea78111","Perri","Everton","Samal","Mercury","Grand Marquis","5N1AT2ML3FC003263","1983-02-07T00:00:00","38.26170338660578"
"WyJ2ZWhpY2xlcyIsIjc4OTQxMWYzLWMxOGYtNDZlMi05NjBkLTZlY2E2YzdjYTE0NSJd","789411f3-c18f-46e2-960d-6eca6c7ca145","Dolores","Vonasek","Terangun","Volkswagen","Jetta","WA1VMAFE2BD907681","1981-12-27T00:00:00","39.3767717529173"
"WyJ2ZWhpY2xlcyIsIjc5OTM2OTYxLWY0NWQtNGU4MS1iMTFhLWE1MDRjM2U5ZDVjMCJd","79936961-f45d-4e81-b11a-a504c3e9d5c0","Ortensia","Paulillo","Kudowa-Zdrój","Subaru","Alcyone SVX","JH4DC53075S206542","1982-03-12T00:00:00","39.17129236428209"
"WyJ2ZWhpY2xlcyIsIjdhMmQzMzcwLWQzNDYtNGFiNy05ZWI4LWU0OWI1YWZmNTE0OCJd","7a2d3370-d346-4ab7-9eb8-e49b5aff5148","Hilton","Goulborne","Bằng Lũng","Dodge","Viper","3C3CFFER0CT601250","1982-01-15T00:00:00","39.324716990106545"
"WyJ2ZWhpY2xlcyIsIjdhNDQ2MWRkLWUwNWUtNDAwZi1hOWI0LTEyMjhmZmM5YTY4YiJd","7a4461dd-e05e-400f-a9b4-1228ffc9a68b","Elsie","Cockerell","Darmasari","Fiat","Nuova 500","1G6DB1ED3B0312056","1983-04-05T00:00:00","38.01821651445967"
"WyJ2ZWhpY2xlcyIsIjdhODY4ZjJlLTM1NTItNDhkMC05Zjc5LTI5OGQ5Nzk2Y2MxNCJd","7a868f2e-3552-48d0-9f79-298d9796cc14","Erda","Duchant","Zhinvali","Dodge","Journey","JH4CU2F45EC812633","1982-08-01T00:00:00","38.69492893835616"
"WyJ2ZWhpY2xlcyIsIjdiNjMxOTY1LWVhYTctNGE3ZS04ZjQ4LTQ2MGQzZjYzOWIwZiJd","7b631965-eaa7-4a7e-8f48-460d3f639b0f","Mabel","Kaminski","Värnamo","GMC","Savana 2500","ZFBCFADH7EZ212238","1982-05-11T00:00:00","38.91958647260274"
"WyJ2ZWhpY2xlcyIsIjdjOGQ3MmRmLWNjZTgtNDFkZi04ZTNkLTUwNGJmZDBlOGM3ZCJd","7c8d72df-cce8-41df-8e3d-504bfd0e8c7d","Edith","Reinmar","Jintang","Toyota","Paseo","WBA5B1C59FG391532","1983-03-15T00:00:00","38.163073186199895"
"WyJ2ZWhpY2xlcyIsIjdlMmI1MGU0LWViY2ItNGZlYS1hZmU0LWJmZDc0NTM5ZjczNyJd","7e2b50e4-ebcb-4fea-afe4-bfd74539f737","Lavina","Byatt","Baluk","Ford","Courier","WAUVC58E35A546252","1982-10-24T00:00:00","38.552114313800104"
"WyJ2ZWhpY2xlcyIsIjdlYmJjZWFkLTBmYjQtNDc3ZC1hYWRiLTYyMmJmYzZiNzUyZSJd","7ebbcead-0fb4-477d-aadb-622bfc6b752e","Dacie","Warman","Tenkodogo","Mercedes-Benz","SL-Class","KL4CJHSB9FB936990","1981-08-22T00:00:00","39.72471724378488"
"WyJ2ZWhpY2xlcyIsIjdmMDQ0MjFjLTc4ZjktNGY1Ni1iZjg0LWY1YjQwZTUwNTNhNCJd","7f04421c-78f9-4f56-bf84-f5b40e5053a4","Paddie","Nickell","Brejieira","Pontiac","Aztek","WA1BY94LX7D204912","1983-03-08T00:00:00","38.09492881151699"
"WyJ2ZWhpY2xlcyIsIjdmMjhlYmE5LWIyMDgtNDkwNC1hNjU3LThmZWIyZTc5MTczMSJd","7f28eba9-b208-4904-a657-8feb2e791731","Suzanna","Viggars","Cosmópolis","Lamborghini","Diablo","WAUCD54B04N227009","1983-05-03T00:00:00","38.02882680111618"
"WyJ2ZWhpY2xlcyIsIjdmZGIxMmY0LWFjNzQtNDllYy1iNjEzLThlMmM5NzQ3YjU4ZCJd","7fdb12f4-ac74-49ec-b613-8e2c9747b58d","Hilton","Goulborne","Bằng Lũng","Dodge","Viper","3C3CFFER0CT601250","1982-01-15T00:00:00","39.23739462836124"
"WyJ2ZWhpY2xlcyIsIjgwMTM0NjAzLWE1ZTMtNDBiNy04YzcwLTk1NmMwOGNjNDlkMiJd","80134603-a5e3-40b7-8c70-956c08cc49d2","Franklin","Kenner","Chosica","BMW","8 Series","2HNYD28808H607465","1982-09-03T00:00:00","38.69184037290715"
"WyJ2ZWhpY2xlcyIsIjgwNmNhZDQzLTI0NzYtNDU5ZS1hZTE4LTgxZTc1ZDA0OWRkNiJd","806cad43-2476-459e-ae18-81e75d049dd6","Osborne","Lockhurst","Paratunka","Mercedes-Benz","S-Class","WAUWFAFL0AA171789","1981-11-30T00:00:00","39.363422089041094"
"WyJ2ZWhpY2xlcyIsIjgwZmRiYTBmLTY2ZTAtNGJlNS1iZDAwLWU5ZDE4NWYyMTVhMSJd","80fdba0f-66e0-4be5-bd00-e9d185f215a1","Elsie","Cockerell","Darmasari","Fiat","Nuova 500","1G6DB1ED3B0312056","1983-04-05T00:00:00","38.10553884449518"
"WyJ2ZWhpY2xlcyIsIjgxNTM2M2YwLTg3ZTgtNDg2Ny1hMjUxLWRiNDNjZWVjYmJhOSJd","815363f0-87e8-4867-a251-db43ceecbba9","Letisha","Sumpner","Tafeng","Scion","xB","WBA3A9C58EF471448","1981-09-18T00:00:00","39.65074464104516"
"WyJ2ZWhpY2xlcyIsIjgxYWJhNWQzLTYyMDQtNGRkNS04NjYyLTg4ZjNjYjllNDc4ZiJd","81aba5d3-6204-4dd5-8662-88f3cb9e478f","Heida","Edmands","Guzhan","Chevrolet","Suburban 1500","WP0AB2A92FS423201","1983-03-16T00:00:00","38.0730110667174"
"WyJ2ZWhpY2xlcyIsIjgxZmVhNDc4LTRkZmYtNDQ4MS1hNjA1LTY3ZjFjNGVmMmJmOCJd","81fea478-4dff-4481-a605-67f1c4ef2bf8","Sheree","Mayoh","Izingolweni","Chevrolet","Corvette","WAUFFBFL9CA136225","1981-12-13T00:00:00","39.41512801243024"
"WyJ2ZWhpY2xlcyIsIjgyM2NjNjlmLTVhNDgtNDA5My1hYjk4LWI3MzQ2NzAzNGQ0ZSJd","823cc69f-5a48-4093-ab98-b73467034d4e","Blair","Betteriss","Añelo","Cadillac","CTS","1GT020CG6EF986626","1982-10-19T00:00:00","38.478490550481986"
"WyJ2ZWhpY2xlcyIsIjgyODc1MzY0LWU5OWMtNDIxMi1iYzYzLWU0M2QxZTgzMGVhYSJd","82875364-e99c-4212-bc63-e43d1e830eaa","Charla","Trevorrow","Palmas","BMW","530","19XFB2E2XCE912897","1981-10-09T00:00:00","39.593210394469814"
"WyJ2ZWhpY2xlcyIsIjgzNmExMDQzLTFjZTUtNDRmZi05MGRjLTgyZTE0ZmJkZmQyMSJd","836a1043-1ce5-44ff-90dc-82e14fbdfd21","Georgette","Wyllcock","Góra","Isuzu","Rodeo","WBA3R5C51EF410508","1982-07-15T00:00:00","38.741504249112126"
"WyJ2ZWhpY2xlcyIsIjgzYjQ5YWEyLTljNGItNDU4OC04ODU3LTYxN2RkZjk1ZTRhOSJd","83b49aa2-9c4b-4588-8857-617ddf95e4a9","Moyra","Bloxholm","Banjar Swastika","Chevrolet","Silverado 3500","WAUVT58E93A104606","1982-11-21T00:00:00","38.475401953323185"
"WyJ2ZWhpY2xlcyIsIjgzZWE3N2RmLTJiMjgtNDhmYi04MDcyLTNkZTBkMDRiNjc0ZSJd","83ea77df-2b28-48fb-8072-3de0d04b674e","Linoel","Windross","Fredrikstad","Toyota","RAV4","WAUGL98E48A903412","1982-01-13T00:00:00","39.33019637874175"
"WyJ2ZWhpY2xlcyIsIjg1NTJhM2NlLWY2YTAtNDczYS1iM2IxLTNmMGYzYWRkYjRkYiJd","8552a3ce-f6a0-473a-b3b1-3f0f3addb4db","Leroi","Beecraft","Starokucherganovka","Mitsubishi","Montero","2G4WF551721144509","1981-12-31T00:00:00","39.3658128805175"
"WyJ2ZWhpY2xlcyIsIjg1OTI4NTNhLTdjMzEtNGZkYS04YzNkLWM5MjRlYjlmNzVjMSJd","8592853a-7c31-4fda-8c3d-c924eb9f75c1","Miran","Gaynes","Changsha","Audi","200","KMHHU6KJ9FU473800","1982-03-27T00:00:00","39.13019656900051"
"WyJ2ZWhpY2xlcyIsIjg2MDhlNTE1LWMyNTctNGI3MC1iM2I1LTQwNDZlNDM2YTc1ZSJd","8608e515-c257-4b70-b3b5-4046e436a75e","Park","Golder","Chumphon","Mercury","Grand Marquis","JTDJTUD30DD143536","1982-07-31T00:00:00","38.69766860096398"
"WyJ2ZWhpY2xlcyIsIjg2NDdiNDk3LTA4MGUtNDIxNC05OGY4LWNjOTVkN2ZhODhmMiJd","8647b497-080e-4214-98f8-cc95d7fa88f2","Moyra","Bloxholm","Banjar Swastika","Chevrolet","Silverado 3500","WAUVT58E93A104606","1982-11-21T00:00:00","38.38807959157788"
"WyJ2ZWhpY2xlcyIsIjg2NzY5MmU3LTU5ZTYtNGYxNS04YzJlLTFmMWE0ZGFiODQ5MiJd","867692e7-59e6-4f15-8c2e-1f1a4dab8492","Esme","Brigstock","Castlemartyr","Suzuki","XL7","JN8CS1MU6EM452422","1982-10-11T00:00:00","38.50040839041096"
"WyJ2ZWhpY2xlcyIsIjg2YTI0ZDkyLTE4MjgtNGMyMi04MzQ4LTY2MzZlODcyNTk4MSJd","86a24d92-1828-4c22-8348-6636e8725981","Jeanette","Crake","Otlja","Ford","F350","WBABS53473J780184","1981-10-13T00:00:00","39.5822511732623"
"WyJ2ZWhpY2xlcyIsIjg3YTgzODRiLTdjODUtNDhjYi1hYzJjLWQ3OWFhMWFlY2FjOCJd","87a8384b-7c85-48cb-ac2c-d79aa1aecac8","Aylmer","Tregien","Thompson","Aston Martin","DBS","WAUXG94F89N899362","1982-09-30T00:00:00","38.53054534500254"
"WyJ2ZWhpY2xlcyIsIjg3ZTcyM2RhLTBhMjQtNDM0ZS05MDJkLTZkMWRmNmNmYjQ4MSJd","87e723da-0a24-434e-902d-6d1df6cfb481","Lavina","Byatt","Baluk","Ford","Courier","WAUVC58E35A546252","1982-10-24T00:00:00","38.464791920345"
"WyJ2ZWhpY2xlcyIsIjg4MWZiMmU3LWFmYmYtNDg3NC05M2Q0LTJjMDYwNTQxNTA0YyJd","881fb2e7-afbf-4874-93d4-2c060541504c","Aldric","Churchyard","La Rioja","Mercedes-Benz","W201","1G6KY54993U119382","1982-05-05T00:00:00","38.93602479705733"
"WyJ2ZWhpY2xlcyIsIjhjMGJkOWUyLTllZjMtNGFjYi1hMTRkLWM5ZDA4NWJkNWExYSJd","8c0bd9e2-9ef3-4acb-a14d-c9d085bd5a1a","Tabbi","Reuss","Konyshevka","Mercedes-Benz","E-Class","1ZVBP8JS5C5635805","1982-08-20T00:00:00","38.73019641045155"
"WyJ2ZWhpY2xlcyIsIjhjM2M5MzIwLTM4YmQtNGIxMi04YWUyLTU0MWU5ODZlYmFiZCJd","8c3c9320-38bd-4b12-8ae2-541e986ebabd","Wilhelmine","Waterfield","Świebodzice","Jeep","Grand Cherokee","2HNYD18956H063075","1981-09-11T00:00:00","39.58260013952309"
"WyJ2ZWhpY2xlcyIsIjhjNWFmYmFlLTY5NjEtNDI0Yi04MDhlLTBiOGFlNmZmNDRmZCJd","8c5afbae-6961-424b-808e-0b8ae6ff44fd","Jeannine","Jenik","Kanturk","Cadillac","Escalade ESV","KNAGM4AD0F5026862","1983-01-18T00:00:00","38.31649774860477"
"WyJ2ZWhpY2xlcyIsIjhjZWFkZmQ4LTVhYjEtNDhkNC1iNjJjLWU1NTFkNTE2NTZiYiJd","8ceadfd8-5ab1-48d4-b62c-e551d51656bb","Lizabeth","Callen","Krajan Pundungsari","Ford","E-Series","WBALW3C59FC851657","1982-10-11T00:00:00","38.587730688736684"
"WyJ2ZWhpY2xlcyIsIjhkYTk5ZjkyLTA1NDItNGU2Mi05MDA1LTg4MjM3MDZjYzExMSJd","8da99f92-0542-4e62-9005-8823706cc111","Sibby","Franceschi","Umm Kaddadah","Chrysler","300","19UYA42611A595916","1981-08-26T00:00:00","39.62643572425165"
"WyJ2ZWhpY2xlcyIsIjhkZTcyMWY0LWNmNzYtNDgwYi1iN2U3LTU0OGZkYWU3YTZjOCJd","8de721f4-cf76-480b-b7e7-548fdae7a6c8","Burlie","Gaine of England","Nice","MINI","MINI","1G6DM1ED4B0794921","1982-06-05T00:00:00","38.851093226788436"
"WyJ2ZWhpY2xlcyIsIjhlMDdhMGUwLTgwYjYtNDBlYy1iNjQ2LTg5YTM2MTgxZWNjMSJd","8e07a0e0-80b6-40ec-b646-89a36181ecc1","Brady","Clashe","Springfield","Spyker","C8 Spyder","WAU3GAFD4FN825041","1982-09-05T00:00:00","38.599038495687466"
"WyJ2ZWhpY2xlcyIsIjhlYjZhNzQwLTNkYTMtNDIyYy04YTI5LTE0Mjk4YzAxNGRjZCJd","8eb6a740-3da3-422c-8a29-14298c014dcd","Spense","Brandsma","Hanjia","GMC","2500","JH4CW2H53CC957036","1981-08-25T00:00:00","39.62917545027905"
"WyJ2ZWhpY2xlcyIsIjhmNmFjM2JjLTA2ZjAtNDNiZC1iYTdkLTU4ZGMyODc3MWM5OCJd","8f6ac3bc-06f0-43bd-ba7d-58dc28771c98","Thatch","Handrok","Muxagata","GMC","Sierra 2500","WA1CFAFP4BA263573","1982-10-16T00:00:00","38.57403215372907"
"WyJ2ZWhpY2xlcyIsIjkwOTU4ZjYyLTEwODYtNGM1My05Mjg2LWZmN2RlOTZhZjA4ZiJd","90958f62-1086-4c53-9286-ff7de96af08f","Kevin","Calcut","Gavinhos de Baixo","Oldsmobile","Cutlass Cruiser","JN1CV6AP6FM306685","1982-11-27T00:00:00","38.37164129883308"
"WyJ2ZWhpY2xlcyIsIjkxMjFhYmM0LTJiYzItNDRiMC05ZTlkLTMxNjQ1MWEzMTgxYiJd","9121abc4-2bc2-44b0-9e9d-316451a3181b","Timotheus","Rapsey","Boston","Nissan","Pathfinder Armada","5N1BA0NC7FN344490","1982-01-06T00:00:00","39.349374429223744"
"WyJ2ZWhpY2xlcyIsIjkxNDVhNmZlLTY1YjYtNDQxNC05ODFjLTBiZjc5ZjdhZGE0MSJd","9145a6fe-65b6-4414-981c-0bf79f7ada41","Flore","Deverall","Xinfeng","Suzuki","Grand Vitara","1FTWX3D57AE208682","1982-09-03T00:00:00","38.60451791603247"
"WyJ2ZWhpY2xlcyIsIjkzYjc3MmIwLTUxMzktNDMzOC04MDJkLTc3YjVjNTQ3ZmY1NyJd","93b772b0-5139-4338-802d-77b5c547ff57","Juditha","Tedman","Porsgrunn","Dodge","Avenger","1FTMF1CW6AF236654","1981-12-05T00:00:00","39.349723395484524"
"WyJ2ZWhpY2xlcyIsIjkzY2U1MmQ2LTNmMmUtNGE5NS1hOTU2LWE5YTk2YWY4YTg2YyJd","93ce52d6-3f2e-4a95-a956-a9a96af8a86c","Worth","Lawranson","Cartago","Alfa Romeo","Spider","3VW4T7AT9EM278908","1982-04-16T00:00:00","39.07540217529173"
"WyJ2ZWhpY2xlcyIsIjk0MjQ2NmFhLTVjZWQtNGJiZS04ZDdlLTI5ZmY1M2VkNjI1MyJd","942466aa-5ced-4bbe-8d7e-29ff53ed6253","Gavrielle","Wyndham","Kill","Cadillac","Escalade","5GADX23L66D813702","1982-06-25T00:00:00","38.79629876966007"
"WyJ2ZWhpY2xlcyIsIjk0YzdjMTU2LWQ4ZjEtNGZlMS04NWMxLTQ5ZmYxODdhMzAzOCJd","94c7c156-d8f1-4fe1-85c1-49ff187a3038","Shay","Jewis","Moussoro","Ford","E-Series","1FTWX3A54AE989763","1982-02-18T00:00:00","39.144243975139524"
"WyJ2ZWhpY2xlcyIsIjk2Y2IwZDQzLWYxOGUtNGRlNi1hM2I2LTQwOTZkMjA4YTY4MSJd","96cb0d43-f18e-4de6-a3b6-4096d208a681","Ody","Maccraw","Huangyang","Suzuki","Forenza","1G6DC67A590445375","1983-03-07T00:00:00","38.18499102612887"
"WyJ2ZWhpY2xlcyIsIjk2ZDBhMjVlLWJiYTItNDllOC05NzI2LTY2YTIxYmZjYTRhMCJd","96d0a25e-bba2-49e8-9726-66a21bfca4a0","Josiah","Rabl","Dananyu","GMC","Vandura 2500","WBAFB334X1L553529","1981-12-06T00:00:00","39.43430625317098"
"WyJ2ZWhpY2xlcyIsIjk3MjliYjM5LTFlMmMtNDc1NS04ODFhLWVmNDc5OTE4ZGNiMyJd","9729bb39-1e2c-4755-881a-ef479918dcb3","Lesli","Geary","Rozwadza","Audi","TT","SCBLE37G73C151586","1982-04-08T00:00:00","39.097319666412986"
"WyJ2ZWhpY2xlcyIsIjk3NTU0ZTQ4LTdhNWQtNDY3MS1iYTljLWFjOTc1ZGNlNTg5YiJd","97554e48-7a5d-4671-ba9c-ac975dce589b","Jaymee","Balazs","Dédougou","GMC","Savana","WBAFB33491L171721","1982-10-15T00:00:00","38.57677178462709"
"WyJ2ZWhpY2xlcyIsIjk4YmUwM2RhLWUwYTgtNDUzZC1hMGRlLWQ4ZmVmZTY2YjhkMyJd","98be03da-e0a8-453d-a0de-d8fefe66b8d3","Adara","Seabert","Copa","Plymouth","Breeze","WBAVB77548N439840","1982-10-30T00:00:00","38.535676084474886"
"WyJ2ZWhpY2xlcyIsIjk4Y2Q0MjIzLTUwMDktNGZlNy04MDRiLTdkYzg2MWM4Yjk1YyJd","98cd4223-5009-4fe7-804b-7dc861c8b95c","Lesya","Colrein","Chaoyang","Acura","NSX","5GAKRBKD9EJ448265","1983-03-04T00:00:00","38.105887842465755"
"WyJ2ZWhpY2xlcyIsIjk4ZDQwMGU3LTNiZWUtNDVmMC04OWI4LTkxYTUxY2ExMTkwNyJd","98d400e7-3bee-45f0-89b8-91a51ca11907","Cris","Leger","Cholargós","Dodge","Stealth","WBAYG6C52FD289129","1982-05-20T00:00:00","38.98225133181126"
"WyJ2ZWhpY2xlcyIsIjlhNGE2MTRjLTkwNmEtNDM2OC05MTlmLTJiYWE2MjlhMzgwMSJd","9a4a614c-906a-4368-919f-2baa629a3801","Spense","Brandsma","Hanjia","GMC","2500","JH4CW2H53CC957036","1981-08-25T00:00:00","39.71649781202435"
"WyJ2ZWhpY2xlcyIsIjljMmI1NjFhLTA2ODItNDAzYi1iODMyLTljMzJjZTFmNzllNCJd","9c2b561a-0682-403b-b832-9c32ce1f79e4","Emmi","Chetham","Monte de Fralães","Pontiac","Grand Prix Turbo","WAUAF68E25A063637","1983-02-16T00:00:00","38.149723332064944"
"WyJ2ZWhpY2xlcyIsIjljODZlOTk5LTI4YzItNGRlOS1hMzRhLTg2OThlMjgzN2NhMyJd","9c86e999-28c2-4de9-a34a-8698e2837ca3","Revkah","Stanway","Casal Velho","Daewoo","Leganza","4T1BD1FK5FU304966","1982-03-06T00:00:00","39.10040839041096"
"WyJ2ZWhpY2xlcyIsIjljYjMxNGJjLWQ4OWEtNDIyNi1hYzljLTM1NzVlZDRlZTJjZSJd","9cb314bc-d89a-4226-ac9c-3575ed4ee2ce","Lissa","Jadczak","Uchkeken","Mercury","Grand Marquis","WBAYA8C54FG468445","1982-01-19T00:00:00","39.31375805428716"
"WyJ2ZWhpY2xlcyIsIjljZDY2MTc2LWY4NjEtNGQ0Yy05MzBjLTU3NmIwMTJjM2MwNCJd","9cd66176-f861-4d4c-930c-576b012c3c04","Franklin","Kenner","Chosica","BMW","8 Series","2HNYD28808H607465","1982-09-03T00:00:00","38.60451794774226"
"WyJ2ZWhpY2xlcyIsIjljZTU0OTMxLWY1M2QtNGE5Yy1iNGI1LWFkZTEyOGIxMWVhYyJd","9ce54931-f53d-4a9c-b4b5-ade128b11eac","Thatch","Handrok","Muxagata","GMC","Sierra 2500","WA1CFAFP4BA263573","1982-10-16T00:00:00","38.48670972856418"
"WyJ2ZWhpY2xlcyIsIjllN2FhMzFmLWFhNzQtNGZlMi05OTk4LTBkODExYTU2ODQwMCJd","9e7aa31f-aa74-4fe2-9998-0d811a568400","Horace","Truckett","Hadapu Zhen","Kia","Sephia","KMHGN4JEXFU714037","1982-11-29T00:00:00","38.366161719939115"
"WyJ2ZWhpY2xlcyIsIjllZjFkNGIxLTdhZGMtNDU2NS1hMWI1LWRlMjFlZGQ0MWJkOSJd","9ef1d4b1-7adc-4565-a1b5-de21edd41bd9","Nyssa","Cogdon","Changting","Volvo","C70","3VW4A7AT9DM163083","1982-07-25T00:00:00","38.714106893708774"
"WyJ2ZWhpY2xlcyIsIjlmOTVmM2FkLTE4ZDQtNDZmNC04NjBhLTQ2MWQ4YmRlNThmNCJd","9f95f3ad-18d4-46f4-860a-461d8bde58f4","Garek","Pirt","Huaylillas","Mercedes-Benz","G-Class","KL4CJGSB4FB644707","1981-11-18T00:00:00","39.48362100456621"
"WyJ2ZWhpY2xlcyIsIjlmYWM0MDU4LWMwOTEtNGIzNi05NDgyLTgyOWJlNWIzZDZlMSJd","9fac4058-c091-4b36-9482-829be5b3d6e1","Erda","Duchant","Zhinvali","Dodge","Journey","JH4CU2F45EC812633","1982-08-01T00:00:00","38.78225142694064"
"WyJ2ZWhpY2xlcyIsImExNGZiMjcxLTMyNWUtNDliMi04NTM4LTg0MzVhMzU1MzMxNyJd","a14fb271-325e-49b2-8538-8435a3553317","Milissent","Tremblot","Daegu","GMC","Savana 3500","WBAFV3C56FD019493","1982-07-05T00:00:00","38.76890154109589"
"WyJ2ZWhpY2xlcyIsImExNjRlMTFmLWMxMzQtNDg0Yi1hZjc5LTdhMDhhOTlhYzA0MSJd","a164e11f-c134-484b-af79-7a08a99ac041","Eloise","Mompesson","Pokrzywnica","Mercury","Marquis","SCFEDCAD7CG535756","1981-10-24T00:00:00","39.464791856925416"
"WyJ2ZWhpY2xlcyIsImExY2E2YjY5LTQ3YTMtNDFhMC1hMjM0LWIwMjgzZDg0NGNhNiJd","a1ca6b69-47a3-41a0-a234-b0283d844ca6","Amye","Fishly","Agustín Codazzi","Chevrolet","Lumina","3GYFNCE32FS088822","1983-02-27T00:00:00","38.11958640918316"
"WyJ2ZWhpY2xlcyIsImEyNGI5MDMzLTY3YjktNGE2NC04MGNiLTU1NjYxYWZmN2NjZCJd","a24b9033-67b9-4a64-80cb-55661aff7ccd","Kassie","Chatenier","Tha Bo","Kia","Sorento","YV1902MM6F1593781","1982-04-17T00:00:00","38.98533986555048"
"WyJ2ZWhpY2xlcyIsImEyNWM5N2JkLTM0YzAtNGRlNy1hNmNlLWU2ZGJlODJjYzNmOCJd","a25c97bd-34c0-4de7-a6ce-e6dbe82cc3f8","Igor","Verrills","Moste","Oldsmobile","Cutlass Supreme","3N1CN7AP4EK570539","1982-12-31T00:00:00","38.27849058219178"
"WyJ2ZWhpY2xlcyIsImE0NzYzMzNiLTU0OTgtNDdmMC1iODhhLWIwYzRlMTI3YTExNiJd","a476333b-5498-47f0-b88a-b0c4e127a116","Lindie","Husband","Fu’an","Lexus","IS","5GAEV23D69J658366","1983-02-05T00:00:00","38.267182933789954"
"WyJ2ZWhpY2xlcyIsImE0ZWE0NWI4LTM3YjUtNGM3Zi05YzA5LTI5MjgyNDJmMzcyNSJd","a4ea45b8-37b5-4c7f-9c09-2928242f3725","Milissent","Tremblot","Daegu","GMC","Savana 3500","WBAFV3C56FD019493","1982-07-05T00:00:00","38.85622402968036"
"WyJ2ZWhpY2xlcyIsImE1MTY4ZTU3LTQwOTMtNGJkMi1iMmIwLTU3NGQzOTE2Nzg3OSJd","a5168e57-4093-4bd2-b2b0-574d39167879","Alana","Bodicum","Thành Phố Ninh Bình","Land Rover","Freelander","3FA6P0SU5DR944653","1982-01-31T00:00:00","39.193558948503295"
"WyJ2ZWhpY2xlcyIsImE1NjM5NWI0LWVmODYtNDExYi1iOWFmLTE2ZGQ0ZDYyZTc3NSJd","a56395b4-ef86-411b-b9af-16dd4d62e775","Geoff","Le Marchant","Jabon","Volkswagen","Passat","1G6KD57907U097110","1981-11-03T00:00:00","39.437394596651444"
"WyJ2ZWhpY2xlcyIsImE2YTQwNWRiLWIxOGItNGU2Ny04NDJkLTVkMzI5MTY2NDMxMyJd","a6a405db-b18b-4e67-842d-5d3291664313","Kassie","Chatenier","Tha Bo","Kia","Sorento","YV1902MM6F1593781","1982-04-17T00:00:00","39.07266225900558"
"WyJ2ZWhpY2xlcyIsImE2ZDU3ODRkLTBkYTgtNDQ2Zi04NTc0LTcxNDkwOTFjOWQ5MCJd","a6d5784d-0da8-446f-8574-7149091c9d90","Dacie","Warman","Tenkodogo","Mercedes-Benz","SL-Class","KL4CJHSB9FB936990","1981-08-22T00:00:00","39.637394755200404"
"WyJ2ZWhpY2xlcyIsImE3NWIyZGM1LWM1YTUtNGM2NC05M2I5LTNmZmU2MDZhOTcwMyJd","a75b2dc5-c5a5-4c64-93b9-3ffe606a9703","Ranique","Denness","Wawu","Nissan","Leaf","WAUUL68E55A628324","1982-03-26T00:00:00","39.132936041349566"
"WyJ2ZWhpY2xlcyIsImE3ZTIwNjliLTkxMzYtNDE2Ny1iZTgwLWU2MTUxZDdhZjRjNyJd","a7e2069b-9136-4167-be80-e6151d7af4c7","Audie","Mowling","Tuochuan","BMW","M5","SCBBB7ZH1FC359341","1982-03-16T00:00:00","39.16033326991375"
"WyJ2ZWhpY2xlcyIsImE3ZWIxODJkLTY2NWEtNDRjYy1iYWRmLTY0YWMzNjU5NzY2MSJd","a7eb182d-665a-44cc-badf-64ac36597661","Billye","Peterffy","Bosobolo","Volkswagen","Fox","WBXPC9C47AW064398","1981-10-15T00:00:00","39.57677187975647"
"WyJ2ZWhpY2xlcyIsImE4MjQ4ZWM1LWUzYzItNDkwOC05NjM0LTQ5N2QxY2FmYzBhMSJd","a8248ec5-e3c2-4908-9634-497d1cafc0a1","Mabel","Kaminski","Värnamo","GMC","Savana 2500","ZFBCFADH7EZ212238","1982-05-11T00:00:00","39.006908929477426"
"WyJ2ZWhpY2xlcyIsImFhNGI0ZjcxLTU4OGMtNDY1MS05NmE0LWUyM2M5MTBlZGExYyJd","aa4b4f71-588c-4651-96a4-e23c910eda1c","Billye","Peterffy","Bosobolo","Volkswagen","Fox","WBXPC9C47AW064398","1981-10-15T00:00:00","39.48944948630137"
"WyJ2ZWhpY2xlcyIsImFhZjZjNDdiLWQ3NmYtNGE4Yi05YTVlLWRmMmNiM2U5ZDNlOCJd","aaf6c47b-d76f-4a8b-9a5e-df2cb3e9d3e8","Roch","Lovejoy","Belo Oriente","Ford","Mustang","1N6AA0CC9DN464207","1982-08-04T00:00:00","38.68670972856418"
"WyJ2ZWhpY2xlcyIsImFiMDZjYWJhLTNjYjctNGYzZC1iNmNlLTlhZjYxYTA1MTEzZiJd","ab06caba-3cb7-4f3d-b6ce-9af61a05113f","Taber","Skoate","Iguig","BMW","X6 M","5TFBW5F12BX192715","1983-02-06T00:00:00","38.1771206557585"
"WyJ2ZWhpY2xlcyIsImFiMTA1MDJiLWNiZjktNDk5Mi1iOTMyLTg4NTgyNTIyYjM2MCJd","ab10502b-cbf9-4992-b932-88582522b360","Beth","Keets","Polomolok","Oldsmobile","Silhouette","5N1CR2MM9EC321578","1982-07-23T00:00:00","38.80690883434805"
"WyJ2ZWhpY2xlcyIsImFiOWUwZDM0LWZmYjMtNDk3Yy1iNzI5LTAzMjAxYmM5Y2YzYSJd","ab9e0d34-ffb3-497c-b729-03201bc9cf3a","Garek","Pirt","Huaylillas","Mercedes-Benz","G-Class","KL4CJGSB4FB644707","1981-11-18T00:00:00","39.3962986745307"
"WyJ2ZWhpY2xlcyIsImFjZDA0NGY5LTRlODgtNGNiZC1iNTg3LWUzOGQxODc5NThkOCJd","acd044f9-4e88-4cbd-b587-e38d187958d8","Adara","Seabert","Copa","Plymouth","Breeze","WBAVB77548N439840","1982-10-30T00:00:00","38.44835359589041"
"WyJ2ZWhpY2xlcyIsImFkNDM1MDRiLWE0ZjgtNDNmNC05ZDZlLTY1Mzc5YmU0NGZmNyJd","ad43504b-a4f8-43f4-9d6e-65379be44ff7","Werner","Tie","Caucasia","Toyota","Avalon","JH4KA96531C388756","1982-08-19T00:00:00","38.645613838153224"
"WyJ2ZWhpY2xlcyIsImFkNDk4OGJlLTgxMWItNGJhYi05ZGM3LTM5MTY1MTQ4N2QxMCJd","ad4988be-811b-4bab-9dc7-391651487d10","Linoel","Windross","Fredrikstad","Toyota","RAV4","WAUGL98E48A903412","1982-01-13T00:00:00","39.24287404870624"
"WyJ2ZWhpY2xlcyIsImFkZmQ3OWFmLThjN2ItNDE5YS1hZDg4LWNhN2Q4MDE0NzczOSJd","adfd79af-8c7b-419a-ad88-ca7d80147739","Werner","Tie","Caucasia","Toyota","Avalon","JH4KA96531C388756","1982-08-19T00:00:00","38.73293619989853"
"WyJ2ZWhpY2xlcyIsImFlMzg4M2QwLWQ2YTctNDljOC1iNDFlLTE4Yzc0OTU3MWUzNiJd","ae3883d0-d6a7-49c8-b41e-18c749571e36","Alana","Bodicum","Thành Phố Ninh Bình","Land Rover","Freelander","3FA6P0SU5DR944653","1982-01-31T00:00:00","39.280881278538814"
"WyJ2ZWhpY2xlcyIsImFmMDc3ZWE3LWEyYjktNGRiMS04YmZkLTMyYzVmOWRjNjBiOSJd","af077ea7-a2b9-4db1-8bfd-32c5f9dc60b9","Drusi","Thorpe","Soure","Daewoo","Leganza","JTDKN3DU8A0816481","1983-01-25T00:00:00","38.209997368087265"
"WyJ2ZWhpY2xlcyIsImFmNGU5MzJhLWJkOGEtNGU2MC04NjdiLTQxZTM4MTgzYjQ0MyJd","af4e932a-bd8a-4e60-867b-41e38183b443","Deanna","Mannooch","Naranjal","Suzuki","Swift","WAUPEAFM3BA968331","1982-03-18T00:00:00","39.0675316463724"
"WyJ2ZWhpY2xlcyIsImIwNjRkYzk1LTc1NzMtNDg4Yy05MzJhLWJmNGNmYmQ0NmQ3MCJd","b064dc95-7573-488c-932a-bf4cfbd46d70","Sile","Bourhill","Buzovna","Smart","Fortwo","2C4RDGCG2FR707290","1983-01-29T00:00:00","38.28636079401319"
"WyJ2ZWhpY2xlcyIsImIwNmIwZDgxLTM4NzktNGQ1MS1iYjdhLWU0NjNhMTM1YzFhZSJd","b06b0d81-3879-4d51-bb7a-e463a135c1ae","Berti","Glencross","Saint-Denis","Ford","Courier","3TMJU4GN4EM732489","1982-07-20T00:00:00","38.72780552384577"
"WyJ2ZWhpY2xlcyIsImIwODJjODNlLTVmMGMtNDUwNi05YmEyLTE4Mzg0Y2Q0YjZlMSJd","b082c83e-5f0c-4506-9ba2-18384cd4b6e1","Robin","Cumbers","Hövsan","Maserati","Quattroporte","KNAGN4AD7F5789619","1982-04-11T00:00:00","39.089100678589546"
"WyJ2ZWhpY2xlcyIsImIxMzNlMDQwLWNkM2QtNDY4YS04MTc3LTFkYWJhMjE3NWFjZCJd","b133e040-cd3d-468a-8177-1daba2175acd","Worth","Lawranson","Cartago","Alfa Romeo","Spider","3VW4T7AT9EM278908","1982-04-16T00:00:00","38.98807968670725"
"WyJ2ZWhpY2xlcyIsImIxNjM2ZThmLTM5NGEtNDcwYy1iNjExLTRhZDk3MzlmYmU1MCJd","b1636e8f-394a-470c-b611-4ad9739fbe50","Nestor","Larmuth","Budapest","Mercury","Villager","WUADUAFG3CN675741","1982-02-16T00:00:00","39.14972339548453"
"WyJ2ZWhpY2xlcyIsImIyZmY2ODQwLWJiNzAtNDEzOC1hZmRmLWM5ODE3MmE3NWViYSJd","b2ff6840-bb70-4138-afdf-c98172a75eba","Diann","Brammar","Kastsyukovichy","Hyundai","Elantra","WAULC68EX5A364982","1982-02-25T00:00:00","39.21238841324201"
"WyJ2ZWhpY2xlcyIsImIzMDI3Y2M4LTJmMzAtNGUwYi1iYjdkLTM3YzJmNDQwNTU3MiJd","b3027cc8-2f30-4e0b-bb7d-37c2f4405572","Norene","Geraldez","Stockholm","Dodge","Ram Van 3500","SCFBF04B78G636020","1982-04-03T00:00:00","39.11101823313039"
"WyJ2ZWhpY2xlcyIsImIzOGVmZDk2LTQ1OTUtNDI1OC1iYzhlLWY4MGZhZWQ5YWQwMiJd","b38efd96-4595-4258-bc8e-f80faed9ad02","Elsi","Scarasbrick","San Jose","Audi","TT","2C3CDZFJ7FH727747","1982-10-22T00:00:00","38.557593575596144"
"WyJ2ZWhpY2xlcyIsImI0MWY3ZmNjLTAyYmEtNGMxNS05NzY0LTc0MWNmYmY3OGNjNSJd","b41f7fcc-02ba-4c15-9764-741cfbf78cc5","Lindie","Husband","Fu’an","Lexus","IS","5GAEV23D69J658366","1983-02-05T00:00:00","38.17986044520548"
"WyJ2ZWhpY2xlcyIsImI0OTQ5OTFkLTFmYTgtNDc3MC1hMzQ0LWYwMTljMTQ4YjcxMiJd","b494991d-1fa8-4770-a344-f019c148b712","Carissa","Emeline","Cipolletti","Porsche","928","WBAEA535X9C078690","1981-09-08T00:00:00","39.590819285895485"
"WyJ2ZWhpY2xlcyIsImI0ZDEyOGYyLTNlMTAtNDIwOS05YjU2LTM3YzhjNmNhYzI1MyJd","b4d128f2-3e10-4209-9b56-37c8c6cac253","Mortie","Lamanby","Velikooktyabr’skiy","Buick","LaCrosse","3GYFNGE31FS495103","1983-01-07T00:00:00","38.346635020294265"
"WyJ2ZWhpY2xlcyIsImI1ZDU4MjRkLWYwMTUtNGRhOC1hOTQxLTA5N2YxYmMyMzdkNCJd","b5d5824d-f015-4da8-a941-097f1bc237d4","Alfredo","Goldson","Arbois","Land Rover","Defender","1G6DG5E57C0473206","1981-08-24T00:00:00","39.63191523972603"
"WyJ2ZWhpY2xlcyIsImI2N2FjNTgyLTQ1YzEtNDJjMy05NDY4LWRiM2MwMTk1ZDY4NyJd","b67ac582-45c1-42c3-9468-db3c0195d687","Gustave","Niblock","Huangbu","Plymouth","Neon","WAUPFAFM6AA102067","1982-12-13T00:00:00","38.32780552384576"
"WyJ2ZWhpY2xlcyIsImI3MTYxZGNlLWUwZjMtNDYwYy05OWZlLTA1ZGU4ZTI1ZGUwNCJd","b7161dce-e0f3-460c-99fe-05de8e25de04","Nestor","Larmuth","Budapest","Mercury","Villager","WUADUAFG3CN675741","1982-02-16T00:00:00","39.23704575722983"
"WyJ2ZWhpY2xlcyIsImI3NzFhYzY4LWY3M2ItNGY4Ni1hYzAwLTRhYzM2ZGU5M2QzYyJd","b771ac68-f73b-4f86-ac00-4ac36de93d3c","Frasquito","Robarts","Nicosia","Ferrari","612 Scaglietti","WBABV13425J041890","1981-09-19T00:00:00","39.56068233130391"
"WyJ2ZWhpY2xlcyIsImI5NDFhMTQ5LThmMDUtNGJjMi1hZmYwLTExNjAxNDVmMzNlYSJd","b941a149-8f05-4bc2-aff0-1160145f33ea","Abie","Sailes","Arganil","Nissan","Sentra","JH4CU266X9C616565","1983-04-22T00:00:00","38.05896350202943"
"WyJ2ZWhpY2xlcyIsImI5YjkxMGViLWJjMmUtNGEwMi1hZDNkLWUzNzlhZTI4OGI2NCJd","b9b910eb-bc2e-4a02-ad3d-e379ae288b64","Donalt","McConnell","Dugongan","Pontiac","GTO","JTDZN3EU5E3165568","1983-04-28T00:00:00","38.04252536783358"
"WyJ2ZWhpY2xlcyIsImJiYmE5ZmQxLWM3YjQtNDZlMS05NTBmLWY4NjU2MzllOTU1ZSJd","bbba9fd1-c7b4-46e1-950f-f865639e955e","Christabella","Gianettini","Głowno","Lexus","ES","WAUGL98E45A655304","1982-06-27T00:00:00","38.79081928589549"
"WyJ2ZWhpY2xlcyIsImJjOGJhOGQyLTI2YWQtNGIwMC05NTViLWU4ZDQ1YzIxMGI0ZCJd","bc8ba8d2-26ad-4b00-955b-e8d45c210b4d","Garold","Heliot","Loivos","BMW","5 Series","1GD11ZCG8BF402178","1981-11-07T00:00:00","39.42643569254186"
"WyJ2ZWhpY2xlcyIsImJkNzhjMGQxLWNhYWQtNGQ5NC1iNjVhLTFhNTQxNDAyN2JlZiJd","bd78c0d1-caad-4d94-b65a-1a5414027bef","Deanna","Mannooch","Naranjal","Suzuki","Swift","WAUPEAFM3BA968331","1982-03-18T00:00:00","39.154854071537294"
"WyJ2ZWhpY2xlcyIsImJkZmZiZWYyLWJhOWQtNDhiMS04N2U1LTcwN2RjZjg3MjA3OSJd","bdffbef2-ba9d-48b1-87e5-707dcf872079","Danyelle","Fosten","Montpellier","Volvo","960","WAUAF98E86A613782","1982-06-28T00:00:00","38.875401953323184"
"WyJ2ZWhpY2xlcyIsImJmMGExZmI5LWNmYmMtNDViNC05MTMxLWZjOTU3MDQ5Mjg3ZSJd","bf0a1fb9-cfbc-45b4-9131-fc957049287e","Igor","Verrills","Moste","Oldsmobile","Cutlass Supreme","3N1CN7AP4EK570539","1982-12-31T00:00:00","38.36581297564688"
"WyJ2ZWhpY2xlcyIsImJmMzM5NWNmLWU1ZGItNGI4Yi1hN2IzLTFiOGFhOWY3YmVmNiJd","bf3395cf-e5db-4b8b-a7b3-1b8aa9f7bef6","Josiah","Rabl","Dananyu","GMC","Vandura 2500","WBAFB334X1L553529","1981-12-06T00:00:00","39.346983764586504"
"WyJ2ZWhpY2xlcyIsImJmNjcwNDRiLTgxZGMtNDg4NC04ZDVhLTcyMDNhNTgzNzBmNiJd","bf67044b-81dc-4884-8d5a-7203a58370f6","Zed","Belt","Baoxing","Honda","S2000","WAU4FBFL3AA651838","1982-01-27T00:00:00","39.29184030948757"
"WyJ2ZWhpY2xlcyIsImMwYmJkYjg5LWM2MTUtNGNhYy05Y2I3LWFhNzZjNzJjN2EyNiJd","c0bbdb89-c615-4cac-9cb7-aa76c72c7a26","Wallie","Elgee","Lazaro Cardenas","Land Rover","Range Rover Evoque","JA32U1FU1CU811556","1981-08-19T00:00:00","39.64561377473364"
"WyJ2ZWhpY2xlcyIsImM4NDAxODI1LTEyN2YtNGE3Ny1iNjk4LTZmYWE5ZjhhM2M0YSJd","c8401825-127f-4a77-b698-6faa9f8a3c4a","Chris","Bolens","Xuedian","Honda","CR-V","1FADP5CU6FL068129","1982-12-14T00:00:00","38.32506582952816"
"WyJ2ZWhpY2xlcyIsImM4ZmNiODIxLWRiOTgtNDYxZi05OGU4LTZjNGI2Zjc2MGZmNyJd","c8fcb821-db98-461f-98e8-6c4b6f760ff7","Vita","Goulborne","Sicheng","Chevrolet","G-Series G10","5TFBY5F1XDX326836","1982-12-17T00:00:00","38.40416910832065"
"WyJ2ZWhpY2xlcyIsImM5NmZiMTU1LTE2NzEtNDA0Yi05YTBhLTk0YzEzYjM5MGQ4MSJd","c96fb155-1671-404b-9a0a-94c13b390d81","Edward","Curley","Ngã Bảy","Mazda","B-Series Plus","WBAPH57519N942691","1982-02-08T00:00:00","39.1716412037037"
"WyJ2ZWhpY2xlcyIsImNhYzhiZTM4LWIxNDYtNGExZS1hOWQ2LTU5MzI1NGRkNjdiYiJd","cac8be38-b146-4a1e-a9d6-593254dd67bb","Ian","Dawidman","Shahrisabz Shahri","BMW","1 Series","WDDEJ7EB4CA879142","1982-10-31T00:00:00","38.53293626331811"
"WyJ2ZWhpY2xlcyIsImNiMjFhYmU2LWE3NGYtNDBhNC05MWNjLTFiZmRhZjMzZGI5MyJd","cb21abe6-a74f-40a4-91cc-1bfdaf33db93","Marvin","Augie","Pochinok","Jeep","Grand Cherokee","JH4CL959X5C242539","1983-03-10T00:00:00","38.17677181633689"
"WyJ2ZWhpY2xlcyIsImNiNDJiZGZiLTMxYjgtNDM1Zi05YzhjLWQzZjRlODk3NDUwNyJd","cb42bdfb-31b8-435f-9c8c-d3f4e8974507","Mortie","Lamanby","Velikooktyabr’skiy","Buick","LaCrosse","3GYFNGE31FS495103","1983-01-07T00:00:00","38.259312563419584"
"WyJ2ZWhpY2xlcyIsImNjM2QwNGExLTRmYzctNDc4ZC05Y2IyLTM3MTc0MGI3YjZlZiJd","cc3d04a1-4fc7-478d-9cb2-371740b7b6ef","Kevin","Calcut","Gavinhos de Baixo","Oldsmobile","Cutlass Cruiser","JN1CV6AP6FM306685","1982-11-27T00:00:00","38.458963755707764"
"WyJ2ZWhpY2xlcyIsImNjNzkwNDA4LWI2OTctNDAxOS04MTQ4LTdjMzRiNDg0MWI2ZCJd","cc790408-b697-4019-8148-7c34b4841b6d","Beth","Keets","Polomolok","Oldsmobile","Silhouette","5N1CR2MM9EC321578","1982-07-23T00:00:00","38.71958644089295"
"WyJ2ZWhpY2xlcyIsImNjYTk4MzcyLTkwYzQtNDI4Yy1hN2UzLTZjNGQ0MmRlZDI2NCJd","cca98372-90c4-428c-a7e3-6c4d42ded264","Dawne","Heinemann","Canggetelo","Honda","Prelude","WAUAFAFC9CN912737","1982-04-01T00:00:00","39.02917548198884"
"WyJ2ZWhpY2xlcyIsImNkN2ViY2Y0LTNkMzQtNGIyOS1iM2QwLTU3ODBjZjFkNGIzZSJd","cd7ebcf4-3d34-4b29-b3d0-5780cf1d4b3e","Dawn","Heinemann","Canggetelo","Honda","Prelude","WAUAFAFC9CN912737","1982-04-01T00:00:00","39.116497843734145"
"WyJ2ZWhpY2xlcyIsImNkZTEyOTMyLWQzZmYtNDA4ZS1iMzU2LWZjYjA3NTMwZDk5OCJd","cde12932-d3ff-408e-b356-fcb07530d998","Hansiain","Delve","Szydłowo","Chevrolet","Corvette","YV1622FS9C2000204","1981-09-06T00:00:00","39.59629876966007"
"WyJ2ZWhpY2xlcyIsImNlZjU4YjU0LTNjM2UtNGJkNC05ZjNiLWRjMmY1YmM0NDIzZiJd","cef58b54-3c3e-4bd4-9f3b-dc2f5bc4423f","Norene","Geraldez","Stockholm","Dodge","Ram Van 3500","SCFBF04B78G636020","1982-04-03T00:00:00","39.02369593480467"
"WyJ2ZWhpY2xlcyIsImQwYmZjYjY0LWFkZTAtNGMyZi1iNjY3LTEzMzliMzFiZjdlYyJd","d0bfcb64-ade0-4c2f-b667-1339b31bf7ec","Ody","Maccraw","Huangyang","Suzuki","Forenza","1G6DC67A590445375","1983-03-07T00:00:00","38.097668632673766"
"WyJ2ZWhpY2xlcyIsImQ0NDZmNTcxLTRkODQtNGQ0OS1iODI1LWI1ODE4ODc2NjNhYiJd","d446f571-4d84-4d49-b825-b581887663ab","Burlie","Gaine of England","Nice","MINI","MINI","1G6DM1ED4B0794921","1982-06-05T00:00:00","38.93841555682395"
"WyJ2ZWhpY2xlcyIsImQ0Y2I4NGJlLTVlYjEtNGE0NC1hZDI4LWU3MzhhYzhmY2YxNyJd","d4cb84be-5eb1-4a44-ad28-e738ac8fcf17","Jobina","Hubbock","Wangda","Dodge","Caliber","WAUAFAFL3AA645194","1981-11-10T00:00:00","39.418216514459665"
"WyJ2ZWhpY2xlcyIsImQ0ZmMxOTJjLTk5OGUtNDg4MS1iNzlhLWFhZWMxMjMzNDQ1YSJd","d4fc192c-998e-4881-b79a-aaec1233445a","Mallissa","Blease","Balta","Ford","Freestar","2HNYD18626H041914","1982-10-23T00:00:00","38.55485397640791"
"WyJ2ZWhpY2xlcyIsImQ1NmRmYzhjLWM5ZTctNGQ3Yi1hZjBiLTNhM2JjOTYzNmQxYiJd","d56dfc8c-c9e7-4d7b-af0b-3a3bc9636d1b","Caressa","Lutzmann","Nanmu","Dodge","Grand Caravan","WBA3C1C51DF887240","1982-08-21T00:00:00","38.72745677955353"
"WyJ2ZWhpY2xlcyIsImQ2MTUwYTQwLTYxNTMtNDZjZS1hMTA1LTdhNGU0NDExMzU3MCJd","d6150a40-6153-46ce-a105-7a4e44113570","Nealson","Gladman","Benito Juarez","MINI","Cooper Clubman","WP1AA2AP4AL781335","1982-03-20T00:00:00","39.06205219431761"
"WyJ2ZWhpY2xlcyIsImQ3MmE2MTc2LWMwY2EtNDZmZi04NDIyLTY4ZTFjMTdmMmUyNiJd","d72a6176-c0ca-46ff-8422-68e1c17f2e26","Kacie","Seal","Zyryanovsk","Audi","90","5N1CR2MM8EC550110","1981-10-31T00:00:00","39.44561386986302"
"WyJ2ZWhpY2xlcyIsImQ3MzUxNTZiLTI1ZjctNDFkNy04ZjZmLThjYmQxN2U4YTM5NCJd","d735156b-25f7-41d7-8f6f-8cbd17e8a394","Kalinda","Rumble","Cavadas","Ford","Escort","KMHFG4JG1FA889334","1981-12-11T00:00:00","39.33328516615931"
"WyJ2ZWhpY2xlcyIsImQ3NGQ5ODc4LTY4NjktNGQ4Zi04MTk2LTI5Yzk1OTJiYjAzYSJd","d74d9878-6869-4d8f-8196-29c9592bb03a","Lily","Connochie","Solina","Ford","Focus","WBALZ3C55CC766950","1982-07-30T00:00:00","38.78773059360731"
"WyJ2ZWhpY2xlcyIsImQ3YzFmMzY1LWI3NjktNDlhZi1hMTU0LWQ2OGE3MDc4YWIzYyJd","d7c1f365-b769-49af-a154-d68a7078ab3c","Sile","Bourhill","Buzovna","Smart","Fortwo","2C4RDGCG2FR707290","1983-01-29T00:00:00","38.19903846397768"
"WyJ2ZWhpY2xlcyIsImQ5MGU4Nzc4LTU3ZTgtNDBiMy1hNDQzLTMxZWNlYmQ0N2MwMSJd","d90e8778-57e8-40b3-a443-31ecebd47c01","Edward","Curley","Ngã Bảy","Mazda","B-Series Plus","WBAPH57519N942691","1982-02-08T00:00:00","39.25896356544901"
"WyJ2ZWhpY2xlcyIsImQ5OWRjY2JlLTEwOGEtNDQ0Ny1hMDA3LTc3ODYwNmNlYjQ0ZiJd","d99dccbe-108a-4447-a007-778606ceb44f","Veronique","Garfield","Dukuhturi","Dodge","Colt","3C3CFFCR1FT585003","1983-04-15T00:00:00","38.078141742770164"
"WyJ2ZWhpY2xlcyIsImRhZmU4ZDY3LTU3NmItNGZhYi05Mzk4LTg5ZTczZjY4ZDhlMSJd","dafe8d67-576b-4fab-9398-89e73f68d8e1","Reece","Rizzardi","Tigil’","Mercedes-Benz","E-Class","KNAFU6A29D5975412","1982-09-25T00:00:00","38.54424397513952"
"WyJ2ZWhpY2xlcyIsImRjMzNkZTBmLTU3YTctNDQyOS1iZTA3LWQ1NWU4MmE0ODdiNiJd","dc33de0f-57a7-4429-be07-d55e82a487b6","Derwin","Calbaithe","Koumac","Subaru","Outback","WAUML44D42N483492","1982-01-13T00:00:00","39.24287404870624"
"WyJ2ZWhpY2xlcyIsImRjNGJmMDk4LTY3NDktNGU0Yy04MTI1LWE4ZmI4ZTU2Zjc0MSJd","dc4bf098-6749-4e4c-8125-a8fb8e56f741","Mikael","Wendover","Gexi","Lexus","SC","WAUGL98E35A455644","1982-12-20T00:00:00","38.30862756849315"
"WyJ2ZWhpY2xlcyIsImRjYjhjZDY5LTY1MzEtNGVmOC1hOTg4LWY4NmQ1Y2U2YTIwNSJd","dcb8cd69-6531-4ef8-a988-f86d5ce6a205","Monti","Illes","Ampasimanolotra","Subaru","Tribeca","2G61P5S36E9718611","1983-02-10T00:00:00","38.16616168822932"
"WyJ2ZWhpY2xlcyIsImRjZjE4ZWJkLTY4MzYtNDQ3OS1hZmMyLThlOWE0NDE1MGExZSJd","dcf18ebd-6836-4479-afc2-8e9a44150a1e","Nicholas","Beenham","Genet","Lamborghini","Countach","1GTN1TEHXFZ440024","1982-07-12T00:00:00","38.83704575722983"
"WyJ2ZWhpY2xlcyIsImRkNDJhNzY4LTUxMDQtNDUyMy04ZDhjLTJjOTlmNWVjODQ4YyJd","dd42a768-5104-4523-8d8c-2c99f5ec848c","Everett","Leachman","Altay sumu","Plymouth","Horizon","1N6AA0EC0EN827122","1982-08-04T00:00:00","38.686709696854386"
"WyJ2ZWhpY2xlcyIsImRkOGNiOTdmLTZhNTQtNDAxNS05ZWI2LTFlNTc3MzQ2ZjRmYiJd","dd8cb97f-6a54-4015-9eb6-1e577346f4fb","Breanne","Servante","Tambakrejo","Subaru","Loyale","1D7RE2GK5BS353021","1983-03-18T00:00:00","38.0675316463724"
"WyJ2ZWhpY2xlcyIsImUxNzgwMmQ1LWY1NDQtNDMxNi1iNmY0LWFiN2UxNGNlMTNiNCJd","e17802d5-f544-4316-b6f4-ab7e14ce13b4","Heida","Edmands","Guzhan","Chevrolet","Suburban 1500","WP0AB2A92FS423201","1983-03-16T00:00:00","38.16033342846271"
"WyJ2ZWhpY2xlcyIsImUxYTViZGE4LTkzZWQtNGVmOC1iNDBlLWVlZTY2ZTM4NjEzOCJd","e1a5bda8-93ed-4ef8-b40e-eee66e386138","Imelda","Quarton","Yuanda","Audi","A6","1HGCP2E34BA033430","1982-04-10T00:00:00","39.00451801116185"
"WyJ2ZWhpY2xlcyIsImUzYjg2ZmU2LTUzMGUtNGY2MS1hY2UxLTZjZDFiNGI3ZDk4YiJd","e3b86fe6-530e-4f61-ace1-6cd1b4b7d98b","Sumner","Simmens","Brezovica","Volvo","S80","5XXGM4A71CG529725","1982-06-16T00:00:00","38.908278697361744"
"WyJ2ZWhpY2xlcyIsImU2ZGNmZjIwLWNkYzMtNGU4Mi04YmRjLTZhYzRjODdiN2YwOCJd","e6dcff20-cdc3-4e82-8bdc-6ac4c87b7f08","Leroi","Beecraft","Starokucherganovka","Mitsubishi","Montero","2G4WF551721144509","1981-12-31T00:00:00","39.278490518772195"
"WyJ2ZWhpY2xlcyIsImU3MDc3ZjA2LTNhYTctNDRhZC1hYzBiLWViZjA2NjU5NmY1YyJd","e7077f06-3aa7-44ad-ac0b-ebf066596f5c","Juditha","Tedman","Porsgrunn","Dodge","Avenger","1FTMF1CW6AF236654","1981-12-05T00:00:00","39.43704572552004"
"WyJ2ZWhpY2xlcyIsImU3ZGUyNzk1LTgzOTgtNDQ1NS1iMWFhLWUwMWZmMjZiZWQ3NCJd","e7de2795-8398-4455-b1aa-e01ff26bed74","Beilul","Claque","Łąck","Nissan","Frontier","1N6AA0ED7FN534439","1982-05-14T00:00:00","38.91136723110096"
"WyJ2ZWhpY2xlcyIsImU4MmQ4ODdiLTQzNDUtNGZhZS1hNGU1LTY1NGIwMWVkODExZiJd","e82d887b-4345-4fae-a4e5-654b01ed811f","Danella","Basini-Gazzi","Puerto Cisnes","Mitsubishi","Tredia","4T3BA3BB3DU210972","1983-01-05T00:00:00","38.264791920345004"
"WyJ2ZWhpY2xlcyIsImU4NjcyNjg1LTQyMTEtNGMwYy04MWMzLTliNDNmMDVkODk0OSJd","e8672685-4211-4c0c-81c3-9b43f05d8949","Rey","Brislawn","Baoxing","MINI","Cooper","JH4CW2H52CC939773","1982-11-28T00:00:00","38.45622387113141"
"WyJ2ZWhpY2xlcyIsImU4NmQyNjQxLTgwZTctNGRhOS04YTQ1LWE3N2IxNmU2YzYzZSJd","e86d2641-80e7-4da9-8a45-a77b16e6c63e","Mendel","Clymo","Banzhong","Infiniti","Q","WAUKF78P19A848670","1982-07-27T00:00:00","38.70862756849315"
"WyJ2ZWhpY2xlcyIsImU5YzY3NjM0LWZmZGEtNGJmMS05YTdkLWZkODk0ZTgzMWY5MyJd","e9c67634-ffda-4bf1-9a7d-fd894e831f93","Austen","Fearnyhough","Mendoza","Acura","TL","JTDKN3DP3C3517833","1982-10-03T00:00:00","38.522326166920344"
"WyJ2ZWhpY2xlcyIsImVjMDZjZWFiLTMzNzMtNDc3YS04NmRjLTMyYTAzZWY0ZTU5ZiJd","ec06ceab-3373-477a-86dc-32a03ef4e59f","Flore","Deverall","Xinfeng","Suzuki","Grand Vitara","1FTWX3D57AE208682","1982-09-03T00:00:00","38.69184027777778"
"WyJ2ZWhpY2xlcyIsImVkMDY2YTQ4LTYxM2MtNGY5YS05YWY2LTAyOWMwNWFiMTEyNCJd","ed066a48-613c-4f9a-9af6-029c05ab1124","Masha","Callingham","Krandil","Mercury","Milan","WAUCFAFH5AN024858","1982-05-16T00:00:00","38.993210267630644"
"WyJ2ZWhpY2xlcyIsImVkYjcyMDNiLTY0OGItNDIwNC05MjQyLWE5OGJlYzI3NmY2ZSJd","edb7203b-648b-4204-9242-a98bec276f6e","Esme","Brigstock","Castlemartyr","Suzuki","XL7","JN8CS1MU6EM452422","1982-10-11T00:00:00","38.58773084728564"
"WyJ2ZWhpY2xlcyIsImVkZmJjMGNkLWQwMTAtNGI0ZC1hNGZmLTU4OGRkZmY4NjRiOCJd","edfbc0cd-d010-4b4d-a4ff-588ddff864b8","Milty","Brouwer","Orós","Maybach","57","5UXFG2C53E0454158","1982-01-14T00:00:00","39.24013435438864"
"WyJ2ZWhpY2xlcyIsImVmOGZlMzA4LWNiNDktNGRkZC04M2FiLWVkZWZmYjQ5YzYxZSJd","ef8fe308-cb49-4ddd-83ab-edeffb49c61e","Kath","Janku","Imotski","Toyota","Corolla","KMHDB8AE5CU117179","1981-10-15T00:00:00","39.57677165778792"
"WyJ2ZWhpY2xlcyIsImYwMGI0YzJhLTgyZDEtNDgzYS1iZjc4LWRiMTdmZGQ4ZTE1MyJd","f00b4c2a-82d1-483a-bf78-db17fdd8e153","Sibby","Franceschi","Umm Kaddadah","Chrysler","300","19UYA42611A595916","1981-08-26T00:00:00","39.71375805428716"
"WyJ2ZWhpY2xlcyIsImYwZTdmN2Q0LTVjM2ItNGExMC05MjJkLTBjZDg5ODViYTYyYSJd","f0e7f7d4-5c3b-4a10-922d-0cd8985ba62a","Claudine","Fort","Horten","Pontiac","Bonneville","SCFFDAAM9EG752317","1982-07-07T00:00:00","38.85074457762557"
"WyJ2ZWhpY2xlcyIsImYxZjc1NmQ2LTZkMmUtNDk3Ni04NjE0LThmNTJmODM3NDhhNCJd","f1f756d6-6d2e-4976-8614-8f52f83748a4","Dolores","Vonasek","Terangun","Volkswagen","Jetta","WA1VMAFE2BD907681","1981-12-27T00:00:00","39.28944939117199"
"WyJ2ZWhpY2xlcyIsImYyODNlMGE1LTVhYWEtNGU4Yy04NjYyLTc4NzNjY2M4MWY5NCJd","f283e0a5-5aaa-4e8c-8662-7873ccc81f94","Dorri","Feasby","Vanderbijlpark","Pontiac","GTO","WAU3GAFC6DN161300","1982-06-28T00:00:00","38.788079686707256"
"WyJ2ZWhpY2xlcyIsImYzNTJlZDczLTliYTQtNDIwZi04ZDI2LWQ0NWVjMjUxMmY5MSJd","f352ed73-9ba4-420f-8d26-d45ec2512f91","Mei","Joiris","Newton","GMC","Sierra","5FRYD3H86FB469282","1982-10-21T00:00:00","38.560333650431254"
"WyJ2ZWhpY2xlcyIsImYzNjI3OTlmLWYxMWMtNGJjOS1hY2FmLWE0NjY3MTdjMWY2MyJd","f362799f-f11c-4bc9-acaf-a466717c1f63","Averell","Webburn","Navashino","BMW","Z4","WAULC58E82A357812","1982-06-08T00:00:00","38.930196473871135"
"WyJ2ZWhpY2xlcyIsImYzYTEyMGFlLWI3OWYtNDlhMS04ZjJiLTI1ODFlMjhkM2VlMyJd","f3a120ae-b79f-49a1-8f2b-2581e28d3ee3","Claudina","Place","Mongar","GMC","Canyon","WAUXG74F29N668302","1982-02-10T00:00:00","39.25348414510401"
"WyJ2ZWhpY2xlcyIsImYzZTMzNjJjLTk2ZmItNGZiYS1iNTY1LTc1ZjFlNmEzN2U0OSJd","f3e3362c-96fb-4fba-b565-75f1e6a37e49","Mikael","Wendover","Gexi","Lexus","SC","WAUGL98E35A455644","1982-12-20T00:00:00","38.39595005707763"
"WyJ2ZWhpY2xlcyIsImY0M2JkM2YxLTJhY2EtNGM2Yy04ZGI5LTg5Njc4NzIyOGU4NSJd","f43bd3f1-2aca-4c6c-8db9-896787228e85","Jill","Pisculli","Nanterre","BMW","X5","1GKS1GKC6FR613447","1983-01-17T00:00:00","38.31923766489092"
"WyJ2ZWhpY2xlcyIsImY1MDA4YzUzLTQwNzItNDMzNi1iY2Y5LWJhZDkzNGQzZDMwOSJd","f5008c53-4072-4336-bcf9-bad934d3d309","Amye","Fishly","Agustín Codazzi","Chevrolet","Lumina","3GYFNCE32FS088822","1983-02-27T00:00:00","38.20690880263825"
"WyJ2ZWhpY2xlcyIsImY1MjgxYWQ5LWE3ODgtNGU2ZS05NTMwLWIxYzU2NzgyNjc1MSJd","f5281ad9-a788-4e6e-9530-b1c567826751","Cesya","Sire","Dadiharja","Suzuki","Grand Vitara","1D7RV1CP6AS666234","1981-12-03T00:00:00","39.35520284753932"
"WyJ2ZWhpY2xlcyIsImY2YTZlMjg5LTRhYmQtNDdmNi04YzYxLTIxMTFjYWRiMTk3ZSJd","f6a6e289-4abd-47f6-8c61-2111cadb197e","Davon","Goneau","Vitina","Toyota","Tacoma Xtra","1N6AF0LX3EN936505","1982-08-22T00:00:00","38.72471699010654"
"WyJ2ZWhpY2xlcyIsImY4NmY0MDU3LWEzNjEtNDI0YS1iNjc0LWM3OWUxZmI5YzMzZSJd","f86f4057-a361-424a-b674-c79e1fb9c33e","Mahalia","Fandrich","Bálsamo Oriental","BMW","5 Series","WBSBR93473P927986","1982-05-04T00:00:00","39.02608685312024"
"WyJ2ZWhpY2xlcyIsImY5MWUxN2Y3LTA4NGEtNDVmMy1iM2ZlLTUxZjkxYTA4OTZhZSJd","f91e17f7-084a-45f3-b3fe-51f91a0896ae","Huntlee","Boulden","Suisan","Pontiac","Firebird","5BZBF0AA8EN135834","1981-10-06T00:00:00","39.51410702054795"
"WyJ2ZWhpY2xlcyIsImZhMDE5NzBiLTgyMTktNGQ4NS04ZDRmLTJkMmM3YmZkMzY2ZSJd","fa01970b-8219-4d85-8d4f-2d2c7bfd366e","Denney","Stanton","Murça","Mazda","MPV","WBAYF4C56DD058979","1981-09-07T00:00:00","39.5935589485033"
"WyJ2ZWhpY2xlcyIsImZiODhjMjM1LTczMGUtNGEwMi04MDgzLTNkZWRiYjNkN2RiNiJd","fb88c235-730e-4a02-8083-3dedbb3d7db6","Marla","OIlier","Pondokdalem","Lincoln","Town Car","WAUGL98E68A359480","1983-01-27T00:00:00","38.29184049974632"
"WyJ2ZWhpY2xlcyIsImZjNmUyMmEwLWJiY2YtNDk5OC1hNDc3LTY5NzhmNDVkNDBhNiJd","fc6e22a0-bbcf-4998-a477-6978f45d40a6","Tanney","Havick","San Isidro","Mercedes-Benz","SL-Class","WBAPL33599A072561","1982-02-19T00:00:00","39.22882664256723"
"WyJ2ZWhpY2xlcyIsImZkZjBmOGU3LTFkMjgtNDY0Yy04ZjkyLWVkNGIzNzc4ZTk5OSJd","fdf0f8e7-1d28-464c-8f92-ed4b3778e999","Meggie","Leftwich","Vernon","Chevrolet","Lumina","5UXZW0C55CL599587","1982-07-23T00:00:00","38.80690886605784"